103.1;2;412.1;[1, 0, 1, 0, 1, 1, 1, 0, 0, 0, 0, 0, 1, 1, 0, 0, 0, 0, 0, 0, 0, 0, 1, 1, 1]
133.2;3;399.2;[0, 1, 0, 0, 1, 1, 1, 0, 2, 0, 0, 1, 2, 1, 0, 0, 2, 1, 0, 0, 1, 1, 1, 0, 1]
217.3;5;868.3;[2, 0, 0, 0, 2, 1, 1, 4, 0, 0, 2, 1, 4, 0, 3, 3, 0, 3, 4, 1, 0, 4, 0, 4, 3]
237.1;5;1659.1;[0, 3, 2, 3, 4, 3, 4, 2, 0, 0, 1, 3, 0, 1, 3, 0, 1, 1, 2, 0, 0, 0, 0, 2, 4]
241.2;2;723.2;[0, 0, 1, 0, 0, 1, 1, 0, 1, 0, 1, 1, 0, 0, 0, 0, 0, 0, 0, 1, 0, 0, 0, 0, 0]
259.4;5;1813.4;[2, 1, 2, 0, 1, 2, 0, 1, 0, 3, 4, 0, 0, 1, 2, 1, 0, 4, 2, 4, 1, 2, 3, 3, 2]
279.1;3;837.1;[0, 0, 2, 1, 0, 2, 1, 0, 1, 0, 1, 2, 0, 2, 1, 1, 2, 1, 0, 0, 1, 1, 2, 0, 0]
289.1;2;867.1;[0, 0, 0, 0, 1, 1, 1, 1, 1, 0, 0, 0, 0, 1, 1, 0, 0, 0, 0, 0, 0, 0, 0, 0, 0]
349.2;7;1396.2;[5, 5, 0, 0, 0, 2, 3, 1, 0, 6, 3, 0, 6, 3, 3, 5, 4, 2, 0, 4, 3, 3, 6, 1, 1]
381.2;17;1524.2;[0, 12, 1, 2, 0, 2, 12, 1, 5, 7, 16, 8, 8, 16, 11, 14, 7, 15, 7, 1, 4, 9, 13, 5, 10]
