level; prime; lift level;2.1;5.1;5.2;9.1;13.1;13.2;17.1;17.2;29.1;29.2;37.1;37.2;41.1;41.2;49.1;53.1;53.2;61.1;61.2;73.1;73.2;89.1;89.2;97.1;97.2;Coeff_minpoly
241.1;19;2169.1;[ -3, -1 ];[ 0, 1 ];[ 1, 1 ];0;[ -3, -3 ];[ 1, 0 ];[ 2, 3 ];[ -10, -5 ];[ -9, -1 ];[ -12, -7 ];[ 7, 6 ];[ -7, 0 ];[ -5, -4 ];[ 4, 5 ];[ -4, -2 ];[ 7, 6 ];[ 5, 6 ];[ 1, -1 ];[ -6, -5 ];[ 11, 0 ];[ -5, 4 ];[ 19, 4 ];[ -11, 0 ];[ 7, 5 ];[ 8, -2 ];x^2 + 3*x + 1
277.1;3;None found
281.1;23;No level raising primes available
293.1;3;1465.3;[ -1, -1 ];[ -1, 0 ];0;[ -3, 1 ];[ -3, 2 ];[ -3, -4 ];[ -1, 4 ];[ 0, 2 ];[ -2, -1 ];[ -5, -5 ];[ 5, 2 ];[ -2, -1 ];[ 2, -3 ];[ -6, -7 ];[ 8, 4 ];[ 1, 5 ];[ -8, -9 ];[ 2, -3 ];[ 4, 7 ];[ 0, 0 ];[ -15, -3 ];[ 5, 10 ];[ -11, -5 ];[ -6, 1 ];[ 7, -5 ];x^2 + x - 1
313.1;37;No level raising primes available
337.1;43;No level raising primes available
346.1;2;4498.1;0;[ -4, -1 ];[ -3, -1 ];[ 3, 3 ];0;[ 0, 1 ];[ -2, 0 ];[ 2, 1 ];[ -10, -4 ];[ 7, 5 ];[ -12, -9 ];[ -12, -6 ];[ -6, -5 ];[ 7, 7 ];[ -6, 2 ];[ -5, 1 ];[ -3, -1 ];[ 0, 2 ];[ -14, -6 ];[ -10, -2 ];[ -4, 0 ];[ 16, 8 ];[ 8, -4 ];[ -2, 4 ];[ -18, -8 ];x^2 + 3*x + 1
373.1;41;No level raising primes available
389.1;3;None found
397.1;19;No level raising primes available
401.1;41;No level raising primes available
409.1;137;No level raising primes available
421.1;19;None found
466.1;11;None found
481.1;3;6253.1;[ 0, 1, 0 ];[ -1, -1, 0 ];[ -1, 2, 1 ];[ 3, 0, -1 ];0;[ -1, -2, 0 ];[ -6, 0, 1 ];[ 1, -3, -1 ];[ 1, -1, -1 ];[ -2, -2, -1 ];0;[ -5, -1, 0 ];[ 2, 4, 0 ];[ 1, -3, -3 ];[ -5, 8, 3 ];[ 7, -9, -6 ];[ 3, -1, -2 ];[ 12, -2, -5 ];[ 3, -6, -5 ];[ -7, 7, 5 ];[ 5, -1, -1 ];[ 15, 5, -2 ];[ -9, 2, 5 ];[ -13, 14, 10 ];[ 7, -1, -2 ];x^3 + 2*x^2 - 2*x - 2
514.1;37;None found
521.1;263;No level raising primes available
557.1;37;No level raising primes available
353.1;2;1765.1;[ -1, -1 ];0;[ -1, 0 ];[ -2, 2 ];[ -4, -2 ];[ -1, 0 ];[ -3, 0 ];[ 1, 0 ];[ -4, 0 ];[ -2, -2 ];[ -7, -4 ];[ 2, 8 ];[ 4, 8 ];[ -4, -6 ];[ 2, 2 ];[ -10, -4 ];[ 2, 4 ];[ -8, -10 ];[ 4, 2 ];[ 4, 4 ];[ 6, 0 ];[ 2, 8 ];[ -10, -10 ];[ 14, 4 ];[ 7, 4 ];x^2 + x - 1
565.1;17;9605.3;[ 0, 1, 0, 0 ];0;[ -4, 0, 1, 0 ];[ -3, 4, 1, -1 ];[ -1, 4, -1, -1 ];[ -2, -6, 0, 1 ];[ 7, 0, -2, 0 ];0;[ 5, 4, 0, -1 ];[ 7, 4, -3, -1 ];[ -8, 0, 1, 0 ];[ 0, -12, 1, 3 ];[ 5, 12, -2, -2 ];[ 0, -10, 0, 2 ];[ -2, 0, 0, 1 ];[ -4, -16, 0, 3 ];[ 0, -8, 1, 1 ];[ -6, -18, 1, 4 ];[ 5, -4, -1, 2 ];[ 4, 14, -1, -2 ];[ -7, 6, 3, -1 ];[ -2, 6, -1, -2 ];[ 9, 16, -4, -3 ];[ -12, -4, 2, 1 ];[ 5, -2, -1, 0 ];x^4 + x^3 - 5*x^2 - 4*x + 2
565.2;31;None found
569.1;263;No level raising primes available
577.1;157;No level raising primes available
592.1;3;None found
596.1;19;2980.3;0;[ -4, -1 ];0;[ 0, 1 ];[ -5, -1 ];[ 2, 2 ];[ -4, 0 ];[ 3, 2 ];[ -5, -3 ];[ -4, 0 ];[ 1, -2 ];[ -11, -1 ];[ 4, 1 ];[ 3, 1 ];[ -3, 1 ];[ -9, -1 ];[ -7, -4 ];[ -10, -4 ];[ -4, 0 ];[ -6, 0 ];[ -11, -3 ];[ 13, 4 ];[ 6, 0 ];[ -12, -6 ];[ 6, -1 ];x^2 + 4*x - 1
625.2;3;3125.3;[ -1, -1 ];0;0;[ 1, 2 ];[ 0, 3 ];[ -1, -4 ];[ -5, 1 ];[ -4, -2 ];[ -1, -2 ];[ -8, -1 ];[ -3, 0 ];[ -7, -3 ];[ 7, 5 ];[ -8, -5 ];[ 5, 5 ];[ -3, 2 ];[ -9, 0 ];[ -3, -5 ];[ -3, 5 ];[ 8, 9 ];[ -3, 7 ];[ 0, -5 ];[ -2, -4 ];[ -2, -3 ];[ 9, 14 ];x^2 + x - 1
634.1;3;None found
637.1;29;None found
641.1;223;No level raising primes available
661.1;2;None found
661.1;167;No level raising primes available
666.1;3;1332.1;0;[ -2, -1 ];[ 2, 0 ];0;[ -2, -2 ];[ 2, 2 ];[ 2, 2 ];[ 6, 1 ];[ -2, -3 ];[ 2, 2 ];0;[ -2, -4 ];[ 6, 1 ];[ -2, 3 ];[ -2, 2 ];[ 6, 5 ];[ -2, -3 ];[ 6, 0 ];[ -6, 2 ];[ -6, 2 ];[ 2, 2 ];[ 6, 1 ];[ 10, 0 ];[ -2, 2 ];[ -6, -6 ];x^2 + 2*x - 4
673.1;61;No level raising primes available
697.2;17;No level raising primes available
697.2;31;No level raising primes available
701.1;7;No level raising primes available
709.1;197;No level raising primes available
724.1;13;None found
730.2;17;6570.2;0;0;[ -4, -1 ];0;[ -8, -2 ];[ 4, 2 ];[ 6, 4 ];[ -2, 0 ];[ -8, 0 ];[ 10, 6 ];[ 4, 3 ];[ -8, -5 ];[ -10, -4 ];[ -10, -2 ];[ -14, -5 ];[ 0, 2 ];[ -4, -2 ];[ 16, 5 ];[ -4, -4 ];[ -14, -6 ];0;[ -14, -3 ];[ -2, -1 ];[ 14, 6 ];[ -22, -11 ];x^2 + 4*x + 2
733.1;19;No level raising primes available
733.1;23;No level raising primes available
745.1;19;None found
745.1;107;None found
745.2;2;None found
746.1;3;6714.1;0;[ -3, -1 ];[ -2, 0 ];0;[ -1, 1 ];[ -2, -1 ];[ 7, 5 ];[ -4, -1 ];[ 10, 5 ];[ 0, 1 ];[ -2, 0 ];[ -10, -2 ];[ -8, -4 ];[ 2, 0 ];[ -15, -7 ];[ -18, -12 ];[ 6, 4 ];[ -10, 1 ];[ 16, 8 ];[ -13, -3 ];[ 0, 1 ];[ 4, 0 ];[ -16, -12 ];[ 12, 7 ];[ -22, -8 ];x^2 + 3*x + 1
761.1;2;None found
761.1;2;6088.1;0;[ -1, -1 ];[ 0, 1 ];[ 0, -2 ];[ -4, -3 ];[ 0, 2 ];[ 2, 6 ];[ -2, 2 ];[ 0, -4 ];[ -2, 0 ];[ 5, -3 ];[ 3, 7 ];[ -6, -8 ];[ -10, -2 ];[ 8, 2 ];[ 0, 7 ];[ -6, 0 ];[ -6, 4 ];[ -7, 1 ];[ -6, 2 ];[ 1, -3 ];[ -12, -4 ];[ 8, 0 ];[ -12, -3 ];[ 2, -6 ];x^2 + x - 1
769.1;11;None found
769.1;419;No level raising primes available
772.1;13;None found
773.1;3;None found
773.1;5;None found
778.1;23;None found
788.1;7;3940.1;0;0;[ -2, -1 ];[ 2, 3 ];[ -2, 2 ];[ -5, -2 ];[ -4, 0 ];[ -4, -4 ];[ -7, 0 ];[ 3, 4 ];[ 6, 6 ];[ -1, -2 ];[ -4, -6 ];[ -8, -4 ];[ -8, 0 ];[ -4, 2 ];[ 12, 1 ];[ -2, -6 ];[ -10, 1 ];[ 8, 2 ];[ -2, -2 ];[ 6, 0 ];[ 14, 10 ];[ 14, 8 ];[ -5, -4 ];x^2 + 2*x - 1
797.1;2;6376.1;0;[ -5, -1 ];[ 1, 0 ];[ 3, 2 ];[ -6, -3 ];[ 10, 4 ];[ -12, -4 ];[ -4, -1 ];[ 5, 2 ];[ 3, 0 ];[ -12, -3 ];[ 15, 4 ];[ 22, 8 ];[ 3, 2 ];[ -8, -3 ];[ -11, -2 ];[ -1, 3 ];[ -13, -1 ];[ -25, -9 ];[ -11, 1 ];[ -7, -4 ];[ -3, -2 ];[ -9, -5 ];[ 15, 5 ];[ -9, -5 ];x^2 + 5*x + 5
802.1;2;4010.3;0;[ -3, -1 ];0;[ 3, 3 ];[ -6, -3 ];[ -2, 1 ];[ -4, -2 ];[ -4, 1 ];[ -2, 2 ];[ 10, 7 ];[ 6, 0 ];[ -10, -6 ];[ -12, -8 ];[ 6, 6 ];[ -9, -3 ];[ 2, 2 ];[ -12, -10 ];[ 9, 9 ];[ -13, -7 ];[ -14, -8 ];[ 1, 3 ];[ -1, -7 ];[ 4, 1 ];[ -14, -4 ];[ -6, 3 ];x^2 + 3*x + 1
809.1;83;4045.3;[ 0, 1, 0 ];[ 1, 0, -1 ];0;[ -2, -3, 0 ];[ -1, 6, 2 ];[ -3, 3, 1 ];[ -6, 1, 1 ];[ 1, -8, -3 ];[ 5, -11, -5 ];[ -4, 1, 1 ];[ -11, 4, 4 ];[ -6, -3, 1 ];[ -4, 6, 5 ];[ -1, 2, -1 ];[ 8, -7, -6 ];[ 11, 2, -4 ];[ -7, 13, 6 ];[ -4, 1, 1 ];[ 2, -2, -1 ];[ -13, 6, 8 ];[ 10, -4, -7 ];[ -11, -4, 2 ];[ -1, 9, 5 ];[ 14, 6, -3 ];[ 1, 5, -1 ];x^3 + 2*x^2 - x - 1
821.1;17;No level raising primes available
829.1;79;No level raising primes available
841.2;11;No level raising primes available
842.1;19;None found
857.1;199;No level raising primes available
866.1;5;None found
872.1;11;None found
877.1;7;No level raising primes available
881.1;17;No level raising primes available
881.1;31;No level raising primes available
901.1;61;No level raising primes available
909.1;29;None found
922.1;3;None found
937.1;37;No level raising primes available
937.1;47;No level raising primes available
941.1;2;None found
949.2;19;No level raising primes available
949.2;131;No level raising primes available
953.1;2;None found
954.1;13;None found
964.1;13;None found
965.1;19;4825.3;[ -3, -1 ];0;0;[ -7, -4 ];[ 0, 2 ];[ 1, 2 ];[ 9, 6 ];[ -6, -2 ];[ -10, -2 ];[ 5, 4 ];[ -8, 0 ];[ -6, -4 ];[ 10, 8 ];[ -7, 0 ];[ 1, 0 ];[ -2, -6 ];[ -10, 0 ];[ 5, 4 ];[ -4, -2 ];[ -20, -12 ];[ 13, 6 ];[ -3, -8 ];[ 6, 0 ];[ -13, -6 ];[ -9, 2 ];x^2 + 3*x + 1
965.2;11;4825.4;[ -3, -1 ];0;0;[ -7, -4 ];[ 1, 2 ];[ 0, 2 ];[ -6, -2 ];[ 9, 6 ];[ 5, 4 ];[ -10, -2 ];[ -6, -4 ];[ -8, 0 ];[ -7, 0 ];[ 10, 8 ];[ 1, 0 ];[ -10, 0 ];[ -2, -6 ];[ -4, -2 ];[ 5, 4 ];[ 13, 6 ];[ -20, -12 ];[ 6, 0 ];[ -3, -8 ];[ -9, 2 ];[ -13, -6 ];x^2 + 3*x + 1
965.2;29;4825.4;[ 1, -1 ];0;0;[ -3, 0 ];[ 1, 0 ];[ -4, 0 ];[ -2, 0 ];[ -3, 4 ];[ 1, -4 ];[ 0, 4 ];[ -2, 8 ];[ 2, -4 ];[ -7, 0 ];[ -4, 4 ];[ 1, 0 ];[ 2, 0 ];[ -4, -4 ];[ -2, -4 ];[ 5, -4 ];[ -7, -4 ];[ 4, -8 ];[ 0, 4 ];[ 9, -8 ];[ -5, 4 ];[ -5, -4 ];x^2 - x - 1
