level; prime; lift level;3.1;4.1;7.1;7.2;13.1;13.2;19.1;19.2;25.1;31.1;31.2;37.1;37.2;43.1;43.2;61.1;61.2;67.1;67.2;73.1;73.2;79.1;79.2;97.1;97.2;Coeff_minpoly
157.2;2;1099.2;[ -3, -1 ];0;0;[ 4, 3 ];[ -6, -3 ];[ -5, -3 ];[ 8, 6 ];[ -6, 0 ];[ -2, 0 ];[ -8, -6 ];[ -12, -6 ];[ 12, 6 ];[ -12, -6 ];[ 3, 3 ];[ -10, 0 ];[ 2, 6 ];[ 1, -3 ];[ 14, 3 ];[ -8, -9 ];[ 2, 0 ];[ 1, 3 ];[ 4, 0 ];[ 15, 9 ];[ 3, 3 ];[ -2, 0 ];x^2 + 3*x + 1
277.1;17;None found
367.2;2;None found
373.2;2;7087.4;[ -3, -1 ];0;[ -3, -3 ];[ 2, 1 ];[ 4, 2 ];[ -2, 0 ];[ -2, 0 ];0;[ 6, 6 ];[ -4, 1 ];[ 0, -3 ];[ 10, 4 ];[ 4, -2 ];[ 8, 7 ];[ -10, -2 ];[ -2, 2 ];[ -1, 5 ];[ 5, 5 ];[ 12, 6 ];[ -14, -8 ];[ 2, 0 ];[ -3, 3 ];[ -14, -8 ];[ -6, -6 ];[ 2, -5 ];x^2 + 3*x + 1
469.3;2;3283.5;[ -1, -1 ];0;[ 0, 2 ];0;[ 0, 1 ];[ -2, -3 ];[ -1, 1 ];[ 2, 0 ];[ -5, -1 ];[ 0, 4 ];[ 2, 4 ];[ -4, -5 ];[ -7, 1 ];[ -4, -2 ];[ 0, -1 ];[ -8, -4 ];[ -8, 0 ];0;[ -4, 0 ];[ -2, 2 ];[ 11, 1 ];[ -10, 0 ];[ 0, 1 ];[ -2, -4 ];[ -8, -6 ];x^2 + x - 3
511.2;3;3577.2;0;[ 0, 0 ];0;[ 1, 2 ];[ -3, -2 ];[ 0, 1 ];[ -4, 1 ];[ -6, -2 ];[ -2, 1 ];[ 2, -2 ];[ -5, -2 ];[ 6, 5 ];[ -2, -2 ];[ 8, 5 ];[ -1, -4 ];[ -1, 2 ];[ -11, -8 ];[ 6, 8 ];[ -9, -2 ];[ 0, -3 ];0;[ -6, -8 ];[ -6, -7 ];[ 4, 4 ];[ -8, 4 ];x^2 + 2*x - 1
604.1;13;4228.1;[ 1, -1 ];0;0;[ 2, -2 ];0;0;[ 3, 1 ];[ -4, 2 ];[ 0, -2 ];[ -3, 3 ];[ -2, 2 ];[ 3, -3 ];[ -1, 1 ];[ -4, 0 ];[ 7, 1 ];[ -10, 2 ];[ 1, 3 ];[ 13, -1 ];[ 8, 2 ];[ -6, 0 ];[ 6, 4 ];[ 7, -3 ];[ -10, 2 ];[ -4, 2 ];[ -1, 3 ];x^2 - x - 4
607.2;31;7891.2;[ 0, -1 ];[ 1, -1/2 ];[ -2, 1 ];[ 4, 0 ];0;[ 2, 0 ];[ -1, 1/2 ];[ 3, 0 ];[ -1, 1/2 ];0;0;[ 4, 1 ];[ -10, 0 ];[ 4, -1 ];[ -1, 2 ];[ 8, 0 ];[ -4, -1 ];[ -10, -1 ];[ 3, -3 ];[ 10, 1 ];[ -1, -1 ];[ -10, 0 ];[ -4, 2 ];[ 14, 0 ];[ 1, 7/2 ];x^2 - 8
613.2;13;7969.2;[ 0, 1, 0, 0, 0, 0 ];[ 7, 2, -11, -3, 3, 1 ];[ -2, 4, 3, -2, -1, 0 ];[ -4, -3, 2, 1, 0, 0 ];0;0;[ -8, -8, 15, 7, -5, -2 ];[ -11, -13, 10, 7, -2, -1 ];[ -1, 2, -9, -3, 3, 1 ];[ -10, -3, 10, 5, -2, -1 ];[ -1, 10, 3, -3, -1, 0 ];[ -11, -10, 7, 4, 0, 0 ];[ 4, 3, 2, 2, -2, -1 ];[ -1, -10, -3, 3, 1, 0 ];[ -12, -7, 5, 6, -1, -1 ];[ -15, -6, 23, 3, -5, -1 ];[ -6, -9, 6, 7, -1, -1 ];[ 14, -3, -26, -2, 8, 2 ];[ 27, 22, -24, -14, 4, 2 ];[ -18, -11, 17, 4, -4, -1 ];[ 19, 12, -26, -8, 6, 2 ];[ -14, -16, 4, 8, 2, 0 ];[ 25, 12, -13, -9, 1, 1 ];[ 12, 6, -18, -1, 5, 1 ];[ 10, 15, -21, -14, 6, 3 ];x^6 + 4*x^5 - x^4 - 16*x^3 - 6*x^2 + 14*x + 7
619.2;29;No level raising primes available
688.2;19;4816.4;[ 0, -1 ];0;[ 3, 0 ];0;[ 0, 0 ];[ 1, -2 ];0;0;[ -2, 1 ];[ 2, -1 ];[ 6, 0 ];[ 4, 3 ];[ 2, 2 ];[ -8, 0 ];0;[ 7, 2 ];[ -4, -3 ];[ -1, 2 ];[ 4, 1 ];[ -6, 3 ];[ -6, 0 ];[ 12, 0 ];[ 5, 4 ];[ -2, -5 ];[ 2, -6 ];x^2 - 5
691.2;17;4837.4;[ 0, 1, 0 ];[ 1, -2, -1 ];[ -4, 1, 1 ];0;[ -4, 6, 3 ];[ 0, -2, -1 ];[ 4, -4, -3 ];[ -8, 1, 2 ];[ 1, -5, -2 ];[ -2, -3, -2 ];[ 2, -3, -1 ];[ 2, 1, -1 ];[ -1, 5, 2 ];[ -11, 7, 6 ];[ -9, 8, 4 ];[ -14, 2, 3 ];[ 8, -3, -3 ];[ -4, -1, 0 ];[ 5, 7, 0 ];[ -15, 1, 5 ];[ -4, -1, -1 ];[ 4, 0, 0 ];[ 13, 3, -3 ];[ 13, -10, -8 ];[ 0, 11, 4 ];x^3 + 3*x^2 - 3
703.3;3;4921.3;0;[ -1, 1 ];0;[ -2, -3 ];[ -2, 2 ];[ 3, 4 ];[ 3, 4 ];0;[ -3, 3 ];[ -7, -2 ];[ -3, -2 ];0;[ -9, -3 ];[ -2, -8 ];[ 2, 2 ];[ -7, -4 ];[ 5, -2 ];[ -3, -5 ];[ -7, 3 ];[ -12, -6 ];[ -3, 6 ];[ 6, 1 ];[ 0, -9 ];[ -14, -7 ];[ -5, -6 ];x^2 + x - 1
733.1;2;None found
751.2;29;No level raising primes available
813.1;2;None found
817.4;7;None found
823.1;5;No level raising primes available
829.2;2;None found
844.2;23;None found
849.2;31;None found
853.2;19;No level raising primes available
859.1;19;None found
871.3;3;None found
873.1;3;2619.1;0;[ -3, -1 ];[ 4, 3 ];[ -5, -1 ];[ -6, -5 ];[ 6, 5 ];[ -7, -4 ];[ 0, 1 ];[ -9, -2 ];[ 1, 2 ];[ 9, 6 ];[ -13, -5 ];[ -8, -4 ];[ 3, 2 ];[ -10, -1 ];[ 6, 2 ];[ -8, -3 ];[ -2, -3 ];[ -5, -2 ];[ 3, 4 ];[ -3, -2 ];[ 7, 8 ];[ -12, -9 ];0;[ 21, 6 ];x^2 + 3*x + 1
889.3;11;6223.3;[ -1, 0 ];[ -3, -1 ];0;0;[ 6, 4 ];[ 1, 2 ];[ -4, -4 ];[ -9, -4 ];[ -5, -4 ];[ 6, 6 ];[ -3, 0 ];[ 2, 4 ];[ 0, -2 ];[ -4, 2 ];[ 3, 2 ];[ -6, 0 ];[ 2, 2 ];[ -16, -2 ];[ -3, -2 ];[ -14, -8 ];[ 8, 6 ];[ 4, 8 ];[ 2, 6 ];[ -22, -14 ];[ -2, 4 ];x^2 + 3*x + 1
925.2;11;None found
927.2;11;None found
973.1;2;6811.1;[ -3, -1 ];0;0;[ 4, 2 ];[ -1, -1 ];[ 2, 2 ];[ -8, -5 ];[ -4, -1 ];[ -10, -4 ];[ -9, -3 ];[ 10, 6 ];[ 4, 1 ];[ -14, -8 ];[ -2, 0 ];[ -2, 3 ];[ 6, 6 ];[ 4, 6 ];[ 15, 9 ];[ -13, -5 ];[ 14, 9 ];[ -12, -3 ];[ -3, -3 ];[ 2, 7 ];[ 0, 0 ];[ 14, 4 ];x^2 + 3*x + 1
973.3;17;None found
991.2;2;None found
993.2;7;None found
997.1;7;None found
