level;p;3.1;3.2;4.1;5.1;5.2;11.1;23.1;23.2;31.1;31.2;37.1;37.2;47.1;47.2;49.1;53.1;53.2;59.1;59.2;67.1;67.2;71.1;71.2;89.1;89.2;97.1;97.2;Coeff_minpoly
69.2;17;0;9;15;4;13;14;16;0;16;5;6;2;6;3;16;15;13;14;10;7;2;14;4;2;14;10;10;x + 16
71.2;2;[ 0, 1 ];[ 0, 0 ];0;[ 0, 1 ];[ 1, 1 ];[ 0, 0 ];[ 0, 1 ];[ 1, 1 ];[ 1, 1 ];[ 1, 1 ];[ 0, 0 ];[ 0, 0 ];[ 0, 0 ];[ 0, 0 ];[ 0, 1 ];[ 1, 1 ];[ 0, 0 ];[ 0, 0 ];[ 0, 0 ];[ 0, 0 ];[ 0, 0 ];[ 0, 1 ];0;[ 0, 0 ];[ 0, 0 ];[ 0, 0 ];[ 0, 0 ];x^2 + x + 1
89.2;17;11;9;2;11;1;3;13;7;0;8;13;2;11;15;9;13;8;9;15;14;7;5;12;13;0;8;7;x + 16
93.4;2;[ 0, 1 ];0;0;[ 1, 1 ];[ 0, 0 ];[ 0, 1 ];[ 0, 0 ];[ 0, 0 ];[ 1, 1 ];0;[ 0, 0 ];[ 0, 1 ];[ 0, 0 ];[ 1, 1 ];[ 1, 1 ];[ 0, 0 ];[ 0, 0 ];[ 1, 1 ];[ 0, 0 ];[ 0, 0 ];[ 0, 0 ];[ 0, 1 ];[ 0, 0 ];[ 0, 0 ];[ 0, 0 ];[ 0, 0 ];[ 0, 0 ];x^2 + x + 1
103.2;19;14;6;6;15;14;14;14;0;16;5;7;11;17;10;4;8;13;10;12;7;5;11;1;10;1;3;4;x + 18
111.1;31;0;7;2;19;12;15;16;28;0;0;0;3;5;1;3;13;28;27;3;13;18;22;2;3;23;19;12;x + 30
113.2;127;6;54;90;40;77;5;115;49;107;89;73;67;77;12;98;103;17;1;97;90;44;82;47;117;22;70;51;x + 126
124.2;7;[ 5, 2 ];[ 5, 6 ];0;[ 0, 3 ];[ 1, 1 ];[ 6, 5 ];[ 6, 5 ];[ 2, 6 ];[ 0, 3 ];0;[ 3, 5 ];[ 5, 1 ];[ 5, 4 ];[ 1, 0 ];0;[ 4, 3 ];[ 6, 1 ];[ 4, 6 ];[ 5, 6 ];[ 6, 4 ];[ 5, 0 ];[ 1, 0 ];[ 4, 1 ];[ 0, 3 ];[ 6, 5 ];[ 4, 3 ];[ 1, 5 ];x^2 + 6*x + 3
125.4;2;[ 0, 0 ];[ 0, 1 ];0;[ 0, 0 ];0;[ 0, 0 ];[ 1, 1 ];[ 0, 0 ];[ 0, 0 ];[ 0, 0 ];[ 0, 0 ];[ 0, 1 ];[ 0, 0 ];[ 1, 1 ];[ 0, 0 ];[ 0, 0 ];[ 0, 1 ];[ 1, 1 ];[ 0, 1 ];[ 0, 0 ];[ 0, 0 ];[ 1, 1 ];[ 0, 1 ];[ 0, 0 ];[ 0, 0 ];[ 1, 1 ];[ 0, 0 ];x^2 + x + 1
137.2;11;8;5;1;6;6;0;1;8;6;10;4;7;0;9;3;10;4;6;0;7;7;3;10;3;4;3;9;x + 10
155.2;29;20;14;20;0;14;13;7;28;7;0;21;18;16;21;14;22;2;5;27;4;27;25;28;2;26;2;16;x + 28
157.2;127;8;98;115;98;107;34;111;71;87;17;91;43;8;125;61;124;48;101;67;113;104;84;7;87;33;13;95;x + 126
159.3;3;0;0;[ 0, 1 ];[ 0, 2 ];[ 0, 1 ];[ 0, 2 ];[ 1, 0 ];[ 1, 2 ];[ 2, 0 ];[ 0, 0 ];[ 1, 0 ];[ 1, 2 ];[ 1, 1 ];[ 2, 2 ];[ 0, 1 ];0;[ 0, 2 ];[ 1, 2 ];[ 1, 0 ];[ 1, 1 ];[ 0, 2 ];[ 2, 2 ];[ 0, 1 ];[ 0, 2 ];[ 0, 0 ];[ 1, 1 ];[ 0, 2 ];x^2 + 2*x + 2
159.1;53;0;6;12;38;16;52;5;52;6;10;39;24;29;16;16;0;0;17;32;0;32;23;28;1;24;40;47;x + 52
177.3;29;7;0;24;4;12;5;14;25;12;9;28;26;14;20;22;26;10;0;16;20;26;3;24;14;1;25;2;x + 28
179.1;13;2;0;9;11;2;4;12;4;1;12;0;0;9;12;10;5;12;2;0;6;9;1;8;12;2;3;8;x + 12
181.1;17;15;12;10;8;8;11;15;5;16;16;14;6;8;1;3;16;13;11;15;5;15;10;16;5;7;11;0;x + 16
181.1;103;33;77;41;68;43;41;102;56;95;22;34;59;47;78;17;101;24;95;8;8;57;35;11;24;41;15;45;x + 102
188.1;2;[ 0, 1 ];[ 0, 0 ];0;[ 0, 0 ];[ 1, 1 ];[ 0, 0 ];[ 1, 1 ];[ 0, 1 ];[ 0, 0 ];[ 0, 0 ];[ 0, 0 ];[ 0, 0 ];0;[ 0, 0 ];[ 0, 0 ];[ 0, 1 ];[ 0, 1 ];[ 1, 1 ];[ 0, 0 ];[ 0, 1 ];[ 1, 1 ];[ 0, 1 ];[ 0, 0 ];[ 0, 1 ];[ 0, 1 ];[ 0, 1 ];[ 1, 1 ];x^2 + x + 1
191.1;41;34;8;23;39;18;9;17;32;9;25;34;16;12;32;34;4;32;24;17;39;24;6;1;24;26;8;5;x + 40
199.1;131;36;88;103;111;76;37;107;129;18;52;45;15;111;101;31;77;34;5;130;77;97;66;9;18;27;40;75;x + 130
201.1;3;0;0;[ 2, 2 ];[ 0, 2 ];[ 2, 0 ];[ 2, 0 ];[ 1, 0 ];[ 1, 2 ];[ 1, 1 ];[ 0, 0 ];[ 2, 2 ];[ 2, 1 ];[ 2, 2 ];[ 2, 2 ];[ 1, 2 ];[ 0, 2 ];[ 1, 1 ];[ 2, 2 ];[ 1, 2 ];0;[ 2, 2 ];[ 0, 1 ];[ 2, 0 ];[ 0, 0 ];[ 1, 1 ];[ 2, 0 ];[ 0, 2 ];x^2 + 2*x + 2
207.5;7;6;0;4;1;0;6;0;5;1;1;0;5;0;3;0;2;4;3;5;3;5;2;1;5;0;5;3;x + 6
213.2;2;0;[ 0, 1 ];0;[ 0, 1 ];[ 0, 0 ];[ 0, 0 ];[ 1, 1 ];[ 1, 1 ];[ 0, 1 ];[ 0, 0 ];[ 0, 1 ];[ 1, 1 ];[ 0, 1 ];[ 1, 1 ];[ 0, 0 ];[ 0, 0 ];[ 0, 0 ];[ 0, 0 ];[ 0, 0 ];[ 0, 0 ];[ 1, 1 ];[ 0, 0 ];0;[ 0, 0 ];[ 0, 0 ];[ 1, 1 ];[ 0, 0 ];x^2 + x + 1
213.2;13;0;7;12;11;7;2;11;6;7;5;11;12;10;5;8;7;4;6;4;1;6;9;0;3;7;11;4;x + 12
213.1;37;0;22;24;15;20;17;8;6;35;12;0;0;6;13;25;33;22;15;2;28;28;0;35;9;26;6;13;x + 36
223.2;2;[ 0, 1 ];[ 0, 0 ];0;[ 1, 0 ];[ 0, 1 ];[ 1, 1 ];[ 1, 0 ];[ 0, 0 ];[ 1, 1 ];[ 1, 0 ];[ 1, 0 ];[ 0, 0 ];[ 0, 1 ];[ 1, 0 ];[ 0, 1 ];[ 1, 0 ];[ 0, 0 ];[ 1, 1 ];[ 1, 0 ];[ 1, 0 ];[ 1, 1 ];[ 1, 0 ];[ 0, 1 ];[ 1, 0 ];[ 1, 1 ];[ 1, 0 ];[ 1, 1 ];x^2 + x + 1
223.2;719;574;533;11;343;128;665;197;243;665;711;433;510;482;505;435;28;95;226;431;80;627;288;263;633;333;420;610;x + 718
229.1;8693;455;5502;5849;607;321;953;1937;225;2677;4105;4129;4480;144;7720;7565;251;950;2975;6759;6460;4235;420;6473;6643;160;5037;2117;x + 8692
235.3;3;0;0;[ 2, 2 ];[ 2, 1 ];0;[ 0, 0 ];[ 2, 0 ];[ 2, 1 ];[ 2, 2 ];[ 1, 0 ];[ 2, 1 ];[ 0, 2 ];0;[ 1, 0 ];[ 0, 1 ];[ 1, 2 ];[ 2, 1 ];[ 2, 1 ];[ 1, 2 ];[ 2, 1 ];[ 0, 1 ];[ 2, 1 ];[ 1, 0 ];[ 1, 2 ];[ 0, 1 ];[ 0, 2 ];[ 0, 0 ];x^2 + 2*x + 2
235.3;13;9;0;9;7;0;8;2;10;4;4;9;12;0;8;11;11;12;11;1;12;8;12;8;9;1;2;5;x + 12
236.1;19;6;4;0;3;10;4;7;16;5;3;14;11;12;16;9;3;8;0;14;16;11;18;1;9;6;5;16;x + 18
236.1;37;26;20;0;36;6;21;15;6;19;29;0;0;4;36;18;14;3;0;5;24;24;20;25;8;22;19;6;x + 36
240.3;3;0;0;0;0;[ 0, 2 ];[ 2, 2 ];[ 2, 0 ];[ 2, 0 ];[ 1, 0 ];[ 0, 0 ];[ 0, 2 ];[ 2, 2 ];[ 1, 1 ];[ 0, 1 ];[ 1, 2 ];[ 1, 0 ];[ 0, 0 ];[ 0, 0 ];[ 1, 2 ];[ 0, 2 ];[ 2, 0 ];[ 2, 1 ];[ 0, 0 ];[ 2, 1 ];[ 1, 0 ];[ 1, 1 ];[ 1, 1 ];x^2 + 2*x + 2
251.2;1229;8;795;1050;231;634;169;524;813;121;847;751;336;579;870;504;711;1073;1031;447;911;935;386;592;974;3;1029;774;x + 1228
253.2;41;23;18;6;7;8;0;8;0;14;31;2;36;33;19;17;18;2;16;12;26;28;37;38;25;26;18;28;x + 40
257.2;71;6;14;22;44;34;60;47;40;50;5;44;67;67;63;48;27;18;63;33;15;51;0;0;36;21;47;12;x + 70
265.3;17;6;2;4;13;0;3;8;11;7;6;6;1;10;3;13;0;15;14;2;13;8;5;0;4;5;16;15;x + 16
265.4;3;0;0;[ 0, 2, 1 ];[ 2, 2, 0 ];0;[ 2, 2, 2 ];[ 0, 2, 2 ];[ 2, 1, 0 ];[ 0, 2, 2 ];[ 0, 0, 0 ];[ 1, 1, 0 ];[ 1, 1, 2 ];[ 0, 2, 0 ];[ 2, 2, 2 ];[ 0, 2, 2 ];[ 2, 1, 0 ];0;[ 2, 1, 0 ];[ 2, 0, 1 ];[ 1, 2, 0 ];[ 2, 2, 0 ];[ 2, 2, 0 ];[ 0, 2, 2 ];[ 0, 1, 2 ];[ 0, 1, 2 ];[ 2, 1, 2 ];[ 2, 2, 2 ];x^3 + 2*x + 1
268.2;11;0;9;0;4;10;0;0;10;1;7;0;7;7;5;5;1;9;7;1;0;0;5;6;10;0;10;5;x + 10
268.2;23;15;21;0;21;4;7;0;0;6;11;20;8;19;4;17;9;19;3;19;7;0;2;0;3;10;5;10;x + 22
269.1;2;[ 0, 0 ];[ 0, 1 ];0;[ 1, 1 ];[ 1, 1 ];[ 1, 1 ];[ 0, 0 ];[ 0, 0 ];[ 0, 0 ];[ 0, 1 ];[ 0, 0 ];[ 0, 0 ];[ 0, 0 ];[ 0, 1 ];[ 0, 0 ];[ 0, 0 ];[ 0, 0 ];[ 0, 0 ];[ 0, 0 ];[ 0, 0 ];[ 0, 0 ];[ 1, 1 ];[ 0, 0 ];[ 0, 0 ];[ 1, 1 ];[ 1, 1 ];[ 0, 1 ];x^2 + x + 1
269.1;163;89;32;124;87;1;113;1;134;93;22;88;38;54;72;162;1;140;96;18;142;120;110;85;25;117;48;9;x + 162
276.4;41;23;0;0;21;6;40;40;0;6;5;3;22;26;32;17;16;1;19;31;1;7;1;3;4;21;9;25;x + 40
291.2;61;0;44;47;24;35;6;59;33;22;48;41;47;25;12;35;27;56;46;52;50;29;34;3;56;17;40;0;x + 60
295.2;53;23;33;5;0;52;39;24;28;41;32;41;25;49;48;7;0;0;38;0;32;50;51;8;19;7;27;13;x + 52
295.1;13;8;2;10;0;9;12;1;0;4;6;8;0;3;0;2;7;6;0;2;8;10;9;2;1;9;9;6;x + 12
309.2;11;0;1;9;3;5;0;1;2;7;0;0;5;6;9;5;3;5;6;7;2;7;1;7;10;8;9;3;x + 10
309.2;23;0;9;16;2;17;16;0;0;11;6;13;17;22;4;19;17;12;14;0;16;13;19;18;4;5;14;4;x + 22
311.1;59;29;42;10;48;54;46;50;57;58;5;57;18;0;58;37;48;27;0;0;47;46;46;45;10;58;23;8;x + 58
311.1;79;63;6;35;47;21;28;73;15;19;72;66;1;33;30;69;25;64;26;67;67;54;48;21;32;29;42;76;x + 78
313.2;17;5;5;14;7;13;16;2;0;11;16;13;12;13;16;0;10;6;5;16;10;16;16;7;16;14;10;5;x + 16
313.2;17;6;2;2;10;6;6;7;9;0;2;15;16;1;11;11;2;8;5;0;13;3;4;5;14;9;1;9;x + 16
317.2;1103;677;216;1048;979;881;455;944;404;504;1087;5;480;709;529;541;755;889;688;972;206;47;788;1073;127;680;333;882;x + 1102
331.2;13;9;11;7;12;6;3;2;11;11;3;9;12;9;3;1;4;12;0;5;10;5;2;7;8;0;2;2;x + 12
331.2;17077;13097;9671;10591;13648;7044;198;9521;1691;15580;1337;11776;8338;13888;7088;11824;3443;9759;10370;8246;9975;6275;3157;70;1930;13605;7581;7753;x + 17076
333.6;29;25;0;11;19;2;8;26;25;9;5;17;0;23;14;6;3;23;27;23;14;28;14;14;20;25;17;16;x + 28
335.2;11;6;2;10;0;8;0;4;0;6;2;8;8;2;7;6;4;2;6;2;3;0;1;8;2;1;10;10;x + 10
335.2;79;29;31;36;0;59;26;24;17;68;43;44;76;66;76;66;59;78;58;63;34;0;30;39;67;53;20;65;x + 78
335.4;7;0;2;3;4;0;6;6;2;3;2;3;3;1;1;0;1;4;1;4;5;0;6;4;5;4;4;4;x + 6
335.4;11;1;9;8;3;0;0;8;5;2;7;0;0;9;7;4;7;0;2;2;3;0;10;0;9;10;7;5;x + 10
335.4;13;6;6;12;2;0;11;9;3;5;10;8;1;3;0;12;2;7;9;4;3;0;0;2;11;10;0;10;x + 12
335.4;29;14;10;10;4;0;19;9;20;15;10;21;7;8;27;12;1;6;1;15;8;0;21;25;26;21;20;25;x + 28
339.2;71;0;53;23;53;57;8;50;41;12;25;35;63;22;63;24;55;33;43;18;8;49;0;0;36;50;5;24;x + 70
339.1;107;0;51;22;90;61;35;95;64;61;67;51;52;47;93;92;8;36;96;66;47;10;55;42;3;45;95;92;x + 106
339.1;193;0;70;12;58;130;84;62;108;133;20;189;113;176;7;185;156;57;73;160;80;167;78;95;25;191;171;185;x + 192
341.1;1069;646;318;477;1026;811;0;53;530;0;292;68;211;381;439;315;936;157;1021;419;889;814;246;847;741;81;564;882;x + 1068
345.5;19;3;0;8;0;5;15;0;18;13;10;11;4;2;14;18;0;7;11;2;14;10;2;7;13;18;11;8;x + 18
353.2;43;7;10;38;34;35;11;18;19;36;21;2;26;39;8;24;20;36;25;12;40;25;15;28;12;34;36;40;x + 42
353.2;79;4;49;49;49;78;57;12;10;55;61;70;67;48;6;58;75;47;7;40;29;72;47;16;72;18;68;31;x + 78
355.1;3;0;0;[ 2, 1, 1 ];0;[ 2, 2, 1 ];[ 0, 1, 2 ];[ 0, 0, 1 ];[ 0, 0, 2 ];[ 1, 1, 0 ];[ 0, 2, 2 ];[ 2, 1, 0 ];[ 0, 1, 2 ];[ 1, 2, 0 ];[ 1, 1, 2 ];[ 0, 0, 1 ];[ 0, 1, 0 ];[ 1, 0, 1 ];[ 2, 1, 1 ];[ 2, 2, 1 ];[ 1, 2, 0 ];[ 1, 1, 2 ];0;[ 2, 0, 2 ];[ 0, 2, 0 ];[ 0, 0, 2 ];[ 2, 2, 0 ];[ 0, 1, 2 ];x^3 + 2*x + 1
355.1;23;20;9;4;0;14;20;0;0;12;15;8;17;21;0;19;11;21;8;10;10;17;0;1;21;5;6;19;x + 22
355.1;101;58;96;70;0;2;84;10;71;8;4;61;91;36;4;71;28;41;44;11;75;77;0;4;43;57;60;79;x + 100
355.2;2909;1795;2625;2187;0;840;1034;1190;1832;1885;1914;2064;2135;166;87;1736;2096;738;1931;2867;2093;985;2005;0;2429;650;2099;2698;x + 2908
367.2;23;12;7;16;21;12;13;0;0;11;15;11;2;12;4;3;5;9;1;21;12;2;0;0;15;20;13;22;x + 22
367.2;77263;4194;45468;35329;58510;14273;68672;62724;419;72058;29244;13067;8141;29111;35897;42063;69462;40646;27302;3645;71982;47028;29893;64651;7041;28140;26560;28637;x + 77262
372.4;3;0;0;0;[ 0, 1 ];[ 1, 1 ];[ 0, 2 ];[ 1, 2 ];[ 2, 0 ];[ 2, 0 ];0;[ 2, 1 ];[ 2, 1 ];[ 0, 0 ];[ 0, 1 ];[ 0, 1 ];[ 2, 2 ];[ 1, 1 ];[ 0, 0 ];[ 2, 1 ];[ 2, 1 ];[ 0, 1 ];[ 2, 2 ];[ 1, 0 ];[ 0, 2 ];[ 2, 2 ];[ 1, 0 ];[ 0, 0 ];x^2 + 2*x + 2
375.1;19;0;16;14;0;1;11;18;6;7;4;2;2;4;1;5;16;10;10;15;9;0;3;7;18;1;6;6;x + 18
375.1;19;0;3;5;0;18;8;1;6;12;15;2;17;4;18;14;16;9;10;15;10;0;3;7;1;18;13;6;x + 18
379.1;47;12;15;27;37;24;29;13;22;8;6;5;23;0;0;35;25;36;18;1;0;21;34;26;13;41;9;10;x + 46
379.1;307;118;169;240;197;6;125;169;94;153;258;160;255;94;112;167;5;124;202;128;71;91;58;148;156;32;286;93;x + 306
383.2;173;52;112;145;73;65;16;67;126;104;18;79;152;152;30;66;165;59;78;4;38;70;50;105;168;12;56;167;x + 172
383.2;277;222;237;183;221;27;172;28;224;203;158;273;155;274;41;245;246;253;210;135;6;230;262;22;181;145;88;63;x + 276
389.1;181;170;167;130;29;74;76;157;85;38;119;43;124;128;83;119;52;16;27;177;130;49;16;78;50;113;5;0;x + 180
389.1;10663;1900;10203;3274;2275;8751;10463;4759;1624;8585;8315;5257;430;6841;10574;9622;9945;10316;722;8322;8257;6019;369;2635;2703;1980;1539;9299;x + 10662
397.1;67;39;29;12;41;55;20;23;65;61;5;45;26;51;32;7;27;43;47;44;0;0;58;53;25;27;55;54;x + 66
397.1;1297;183;353;439;872;506;1035;1073;684;952;892;1108;288;1000;686;1150;625;1178;980;36;238;90;756;727;581;198;1118;198;x + 1296
401.2;29;[ 17, 13 ];[ 4, 25 ];[ 21, 27 ];[ 0, 22 ];[ 7, 6 ];[ 5, 18 ];[ 23, 9 ];[ 8, 26 ];[ 28, 12 ];[ 9, 13 ];[ 14, 6 ];[ 6, 26 ];[ 28, 22 ];[ 0, 5 ];[ 24, 27 ];[ 3, 25 ];[ 14, 26 ];[ 17, 8 ];[ 10, 19 ];[ 5, 16 ];[ 10, 20 ];[ 11, 17 ];[ 27, 21 ];[ 6, 3 ];[ 12, 0 ];[ 12, 0 ];[ 15, 5 ];x^2 + 24*x + 2
407.2;127;7;57;24;29;3;0;101;118;98;28;96;0;30;60;111;30;7;94;102;98;122;83;123;21;106;91;101;x + 126
411.3;239;135;0;79;229;54;55;95;214;189;171;57;50;14;122;60;173;114;183;76;48;130;104;19;71;217;171;170;x + 238
411.3;263;199;0;117;39;214;153;185;202;223;51;28;100;198;237;88;133;258;92;101;18;109;174;48;54;142;183;58;x + 262
411.1;23;0;2;22;16;19;12;0;0;15;2;22;17;12;17;12;16;18;4;21;16;21;1;22;6;15;7;15;x + 22
412.1;17;11;5;0;2;3;13;5;7;16;5;9;11;5;4;6;10;2;13;16;3;13;5;5;1;1;9;11;x + 16
412.1;1523;260;875;0;625;287;950;594;1252;646;922;551;28;1329;1072;116;893;457;978;463;515;1077;17;825;277;483;1473;451;x + 1522
419.1;11;4;8;0;6;9;0;0;4;2;1;5;10;0;0;8;5;10;8;0;10;7;9;4;2;10;4;3;x + 10
419.1;17;6;14;16;4;15;4;15;10;2;11;15;15;11;7;11;5;1;1;7;9;14;12;5;4;5;4;4;x + 16
419.1;43;14;33;36;9;30;23;14;32;32;2;21;10;6;4;3;3;0;27;0;29;24;3;20;37;4;0;13;x + 42
421.2;13;11;7;5;5;10;3;12;1;10;5;8;0;9;10;7;4;12;1;4;2;3;8;10;10;9;6;10;x + 12
421.2;41;24;22;32;36;36;22;28;35;13;16;23;30;37;8;9;13;32;17;17;12;24;15;21;33;22;5;2;x + 40
421.2;547;48;235;293;215;383;284;243;192;337;271;308;331;70;524;466;500;49;507;298;394;194;227;477;455;133;65;370;x + 546
423.2;109;0;4;84;41;66;65;95;73;36;61;84;39;35;0;42;105;32;40;80;73;89;7;95;22;50;11;46;x + 108
423.1;3;0;0;[ 2, 1, 1 ];[ 2, 1, 2 ];[ 0, 2, 1 ];[ 0, 0, 2 ];[ 2, 1, 0 ];[ 1, 2, 2 ];[ 0, 2, 2 ];[ 2, 1, 1 ];[ 1, 1, 0 ];[ 2, 2, 1 ];0;[ 2, 0, 2 ];[ 1, 2, 2 ];[ 2, 0, 2 ];[ 1, 0, 0 ];[ 2, 1, 2 ];[ 1, 0, 1 ];[ 0, 2, 2 ];[ 1, 2, 2 ];[ 0, 0, 1 ];[ 1, 1, 0 ];[ 1, 1, 2 ];[ 1, 2, 2 ];[ 1, 1, 1 ];[ 1, 1, 1 ];x^3 + 2*x + 1
433.2;709;47;98;705;288;468;571;315;600;444;271;313;478;490;563;541;530;595;119;503;104;187;686;134;20;629;141;187;x + 708
443.2;5;[ 0, 0 ];[ 2, 2 ];[ 0, 3 ];0;0;[ 4, 3 ];[ 2, 1 ];[ 3, 2 ];[ 4, 3 ];[ 4, 0 ];[ 0, 0 ];[ 4, 0 ];[ 4, 0 ];[ 2, 0 ];[ 1, 0 ];[ 0, 2 ];[ 2, 0 ];[ 0, 2 ];[ 4, 1 ];[ 3, 2 ];[ 4, 2 ];[ 0, 0 ];[ 0, 1 ];[ 4, 4 ];[ 4, 1 ];[ 1, 4 ];[ 3, 1 ];x^2 + 4*x + 2
443.2;193;117;151;77;75;16;83;161;76;54;184;10;18;114;111;175;29;179;183;13;25;28;14;149;179;35;68;107;x + 192
443.2;983;835;666;527;45;88;541;647;434;522;99;923;285;9;659;32;697;399;4;7;748;213;234;732;710;412;509;272;x + 982
444.1;11;0;4;0;4;5;0;10;3;4;2;0;8;5;8;2;2;6;6;9;0;2;10;0;2;8;0;7;x + 10
444.3;3;0;0;0;[ 0, 1 ];[ 1, 2 ];[ 2, 0 ];[ 2, 1 ];[ 1, 0 ];[ 1, 0 ];[ 0, 1 ];0;[ 1, 0 ];[ 0, 2 ];[ 2, 0 ];[ 1, 1 ];[ 1, 1 ];[ 2, 0 ];[ 2, 1 ];[ 1, 1 ];[ 2, 2 ];[ 1, 1 ];[ 0, 1 ];[ 2, 1 ];[ 1, 1 ];[ 0, 1 ];[ 2, 0 ];[ 1, 1 ];x^2 + 2*x + 2
445.2;19;15;12;10;0;15;6;9;4;16;12;1;16;6;4;18;2;15;10;7;15;0;3;9;14;0;3;12;x + 18
445.4;23;20;16;11;16;0;22;0;0;1;11;21;11;18;19;0;1;16;9;14;2;14;18;12;20;0;3;8;x + 22
449.1;73;23;71;45;44;1;53;51;47;24;63;68;66;16;43;20;21;48;5;8;24;13;2;7;17;52;44;55;x + 72
449.1;89;54;44;56;49;52;27;10;35;54;84;72;85;6;44;40;72;56;13;30;70;5;16;47;0;0;71;73;x + 88
449.1;131;29;31;78;103;119;104;30;111;114;112;56;6;108;81;17;43;42;111;51;58;92;127;73;4;100;86;117;x + 130
452.1;131;113;16;0;83;97;81;125;56;46;119;111;110;55;112;22;111;49;48;22;120;77;25;106;58;60;5;122;x + 130
460.3;13;10;4;0;9;0;0;0;4;4;8;10;0;1;4;12;12;8;3;9;9;0;9;12;12;3;8;9;x + 12
460.1;79;29;28;0;0;6;56;0;59;8;78;3;42;26;19;40;20;71;67;22;4;34;12;38;28;72;75;61;x + 78
463.1;2;[ 1, 1, 1 ];[ 1, 1, 0 ];0;[ 0, 0, 0 ];[ 1, 1, 1 ];[ 1, 1, 0 ];[ 1, 1, 0 ];[ 1, 0, 1 ];[ 1, 0, 1 ];[ 0, 0, 0 ];[ 0, 0, 0 ];[ 1, 1, 0 ];[ 1, 1, 1 ];[ 0, 0, 0 ];[ 0, 0, 0 ];[ 1, 1, 1 ];[ 0, 0, 0 ];[ 0, 0, 0 ];[ 1, 0, 1 ];[ 1, 1, 1 ];[ 0, 0, 0 ];[ 0, 0, 0 ];[ 0, 0, 0 ];[ 0, 0, 0 ];[ 0, 0, 0 ];[ 0, 0, 0 ];[ 0, 0, 0 ];x^3 + x + 1
463.1;331;187;102;190;38;261;37;261;41;198;277;244;238;102;160;8;6;222;210;129;307;325;280;281;62;154;312;98;x + 330
465.3;23;0;16;14;20;0;12;0;0;0;5;19;5;9;19;19;1;9;19;21;9;14;1;22;14;4;19;8;x + 22
465.2;19;0;9;14;0;4;16;12;16;1;0;13;15;6;10;7;3;9;4;5;4;4;9;12;6;17;8;16;x + 18
465.2;67;0;8;45;0;40;23;44;10;30;0;23;0;47;50;37;1;5;9;28;0;0;43;10;20;39;52;22;x + 66
465.4;79;0;48;8;69;0;31;27;23;40;0;68;55;58;68;43;29;35;10;32;73;75;47;62;30;65;76;43;x + 78
467.1;37;2;9;31;1;22;0;27;25;21;32;0;0;31;21;23;31;30;9;15;19;5;32;33;3;24;24;10;x + 36
467.1;112759;68812;79498;39172;98851;64775;112525;48554;64151;95663;11129;3706;93421;42831;88197;86073;40319;28470;65994;67431;8538;112099;76919;77065;31470;90230;101970;95456;x + 112758
471.3;11;0;0;5;10;0;0;2;2;4;1;4;8;7;9;2;10;10;1;4;3;1;8;9;6;1;9;2;x + 10
471.3;167;95;0;149;51;11;54;111;141;47;93;9;96;20;70;34;63;114;104;123;8;58;159;39;136;105;107;49;x + 166
477.1;41;0;6;29;19;16;22;31;12;39;20;7;40;12;32;8;0;3;37;7;34;29;34;0;7;5;26;37;x + 40
477.5;13;0;0;12;7;5;12;7;5;11;7;12;6;9;2;12;0;7;6;3;10;5;5;2;10;9;0;0;x + 12
477.4;67;0;0;39;24;27;24;64;63;15;61;31;31;30;37;62;50;0;16;44;0;0;28;21;5;34;17;64;x + 66
485.2;139;19;128;37;0;34;115;82;135;96;96;61;125;12;78;73;15;119;109;17;22;53;111;67;103;21;125;0;x + 138
485.2;1213;1052;587;867;0;601;782;510;195;620;734;731;1132;782;173;496;749;137;131;782;996;103;1053;19;738;954;704;0;x + 1212
485.1;19;13;1;2;0;4;12;9;6;0;13;6;0;17;10;2;4;14;18;13;0;6;1;0;5;14;0;7;x + 18
485.1;19;14;2;14;0;14;18;8;15;17;17;0;7;18;2;12;5;5;16;14;4;8;7;0;1;9;0;0;x + 18
485.1;31;16;23;15;0;18;16;20;1;0;0;26;25;8;8;20;19;21;28;3;30;4;27;24;8;16;0;17;x + 30
485.1;41;21;5;20;0;9;11;25;9;26;37;35;1;19;22;3;35;19;6;20;3;14;37;12;29;26;0;16;x + 40
485.1;149;45;38;11;0;81;117;109;27;129;146;114;81;50;5;108;8;120;58;89;112;8;71;106;112;111;0;45;x + 148
487.2;7;3;5;2;6;6;6;5;5;6;6;3;3;6;3;0;4;1;0;5;5;4;3;0;0;6;2;3;x + 6
487.2;11;3;0;0;6;1;0;1;10;2;5;5;5;4;5;6;3;6;2;8;4;7;3;4;6;2;4;4;x + 10
487.2;223;205;190;12;13;92;110;116;69;196;92;187;71;188;106;17;22;73;218;30;59;22;210;12;59;42;35;58;x + 222
487.2;397;65;113;137;225;250;307;342;207;56;264;229;179;226;355;102;202;176;212;85;132;74;250;128;264;241;174;315;x + 396
489.1;3;0;0;[ 2, 2 ];[ 1, 2 ];[ 2, 0 ];[ 0, 2 ];[ 1, 0 ];[ 1, 1 ];[ 0, 2 ];[ 2, 2 ];[ 1, 2 ];[ 2, 2 ];[ 1, 2 ];[ 2, 2 ];[ 2, 2 ];[ 1, 2 ];[ 1, 0 ];[ 1, 1 ];[ 0, 2 ];[ 1, 1 ];[ 2, 0 ];[ 0, 0 ];[ 2, 1 ];[ 2, 0 ];[ 2, 1 ];[ 2, 0 ];[ 0, 1 ];x^2 + 2*x + 2
489.1;7;0;2;4;3;0;6;6;2;2;4;6;0;6;1;0;3;4;5;3;4;5;3;4;3;1;0;3;x + 6
489.1;37;0;6;20;16;4;13;29;13;27;11;0;0;1;15;10;24;28;13;13;27;33;2;36;16;2;20;30;x + 36
489.1;1327;0;501;1147;207;741;817;680;126;119;814;599;15;782;684;516;753;78;177;170;881;857;482;106;1112;483;903;1106;x + 1326
489.3;11;7;0;1;1;7;0;10;2;8;3;1;3;1;7;1;10;0;8;0;9;4;7;6;8;3;1;2;x + 10
489.3;19;8;0;5;14;16;0;16;13;16;12;8;11;2;8;11;8;0;17;4;12;18;8;4;6;17;18;15;x + 18
489.3;79;42;0;46;54;13;57;19;6;49;67;4;22;44;76;20;57;11;65;23;37;26;47;51;75;51;55;21;x + 78
496.2;11;5;4;0;2;8;0;3;3;1;0;2;7;10;10;5;4;3;4;2;4;2;8;3;3;3;9;8;x + 10
496.2;67;10;39;0;28;27;49;52;4;8;0;0;28;65;47;16;37;66;30;23;0;0;56;7;65;52;31;55;x + 66
499.1;2;[ 0, 0 ];[ 0, 0 ];0;[ 0, 1 ];[ 1, 1 ];[ 1, 1 ];[ 0, 1 ];[ 0, 1 ];[ 0, 0 ];[ 0, 0 ];[ 0, 0 ];[ 0, 1 ];[ 0, 0 ];[ 1, 1 ];[ 0, 1 ];[ 0, 0 ];[ 1, 1 ];[ 0, 0 ];[ 0, 0 ];[ 0, 0 ];[ 1, 1 ];[ 1, 1 ];[ 0, 1 ];[ 1, 1 ];[ 0, 0 ];[ 0, 0 ];[ 1, 1 ];x^2 + x + 1
499.1;113;94;61;55;110;18;88;35;10;47;35;100;87;92;44;95;59;54;105;44;4;25;89;91;95;104;48;72;x + 112
499.1;151;6;74;73;21;43;116;137;102;140;141;59;63;103;25;41;117;140;81;21;82;148;131;146;140;103;126;76;x + 150
500.4;11;5;4;0;1;0;0;9;10;8;7;0;0;9;6;4;9;2;0;7;3;10;7;1;6;0;1;3;x + 10
500.4;11;6;4;0;10;0;0;9;1;3;4;0;0;2;6;7;2;2;0;7;3;1;7;1;5;0;1;8;x + 10
500.4;19;16;11;0;10;0;8;0;11;4;1;4;17;10;11;14;14;16;5;14;8;10;6;4;12;4;9;18;x + 18
500.4;19;3;11;0;9;0;11;0;8;15;18;15;17;9;11;5;5;16;5;14;8;9;6;4;7;15;9;1;x + 18
507.2;11;4;0;8;5;0;0;0;4;6;3;10;7;9;10;1;4;6;10;9;1;10;0;9;6;2;7;9;x + 10
507.2;19;15;0;2;10;0;3;9;1;3;6;8;18;18;1;9;4;3;16;0;10;1;18;5;7;8;14;8;x + 18
507.2;137;4;0;69;5;88;41;68;12;8;46;37;15;36;37;44;31;80;76;86;34;98;50;47;10;37;30;33;x + 136
509.1;17;12;13;2;0;3;9;1;4;13;10;10;9;9;2;7;14;15;4;8;1;13;12;14;7;10;10;9;x + 16
509.1;3508013447;2891838864;429994856;1018849721;2983085691;1609960000;920234407;1975772534;815248106;1441842169;749196641;1480465914;1193353870;1233122919;1100832059;2717399709;1900514348;21678765;2831421501;2215696324;1012431950;2910119058;708683961;2047434203;2536678798;1732645956;516424626;499617538;x + 3508013446
515.4;101;17;7;14;85;0;76;76;79;80;28;76;38;66;23;84;41;31;43;37;12;84;45;80;5;85;83;19;x + 100
515.2;307;134;117;171;0;63;31;212;121;227;161;71;37;306;23;33;87;101;168;248;154;107;213;107;150;89;277;179;x + 306
515.2;313;226;80;86;0;118;187;288;162;265;184;269;249;94;212;288;8;61;145;203;262;3;285;40;54;229;244;45;x + 312
517.2;13;5;5;8;12;1;0;12;6;9;3;12;12;9;0;10;11;9;8;5;7;1;6;8;7;2;0;4;x + 12
521.1;71;69;42;13;9;18;3;54;38;12;58;29;68;10;65;52;57;30;51;37;17;33;0;0;45;5;31;63;x + 70
521.1;8209;3408;1186;4418;5043;3559;2607;5279;4896;1465;7828;265;479;695;3031;1711;4794;3580;4990;8018;3076;6287;4842;7374;5901;4625;6053;854;x + 8208
531.4;3;0;0;[ 0, 1 ];[ 2, 1 ];[ 2, 0 ];[ 0, 1 ];[ 1, 0 ];[ 0, 1 ];[ 1, 1 ];[ 1, 0 ];[ 0, 0 ];[ 2, 2 ];[ 1, 2 ];[ 2, 1 ];[ 1, 0 ];[ 1, 2 ];[ 0, 2 ];[ 2, 2 ];0;[ 1, 1 ];[ 2, 1 ];[ 2, 2 ];[ 0, 0 ];[ 1, 1 ];[ 1, 0 ];[ 0, 0 ];[ 1, 2 ];x^2 + 2*x + 2
531.1;23;0;3;3;15;9;18;0;0;6;13;20;4;12;17;16;11;9;0;11;21;0;12;9;15;18;1;18;x + 22
531.1;37;0;17;19;7;13;8;27;35;22;13;0;0;10;20;32;15;18;0;36;13;34;32;21;10;8;16;30;x + 36
537.4;17;9;0;1;7;7;3;13;1;14;8;13;8;0;12;12;8;16;7;9;13;4;8;13;15;5;15;9;x + 16
537.4;71;22;0;49;55;63;32;50;9;50;53;15;56;6;37;14;44;0;21;19;59;33;0;0;50;7;5;40;x + 70
537.4;101;97;0;65;80;42;85;9;23;25;75;17;47;4;18;5;18;28;48;30;85;90;74;50;60;70;28;95;x + 100
539.1;5;[ 2, 1 ];[ 3, 4 ];[ 3, 0 ];0;0;0;[ 4, 0 ];[ 4, 0 ];[ 0, 1 ];[ 1, 4 ];[ 0, 4 ];[ 4, 1 ];[ 2, 4 ];[ 1, 1 ];0;[ 3, 1 ];[ 4, 4 ];[ 4, 1 ];[ 0, 4 ];[ 2, 4 ];[ 1, 1 ];[ 1, 1 ];[ 2, 4 ];[ 1, 3 ];[ 4, 2 ];[ 0, 0 ];[ 0, 0 ];x^2 + 4*x + 2
543.2;11;0;8;10;0;7;0;10;2;6;6;6;4;1;3;2;6;0;5;0;1;4;0;9;4;7;6;8;x + 10
543.2;13;0;7;6;11;12;0;4;3;6;4;1;6;4;3;7;4;5;2;5;5;10;8;4;2;3;6;0;x + 12
543.2;17;0;12;11;5;2;10;3;2;6;7;11;14;15;3;9;8;7;5;0;13;10;2;3;1;11;12;9;x + 16
543.2;359;0;336;50;41;106;144;117;328;336;256;26;54;123;120;141;69;10;172;145;18;102;44;142;271;334;116;134;x + 358
543.4;23;3;0;17;17;10;14;0;0;1;21;1;13;12;0;15;19;16;10;6;14;22;7;6;16;1;9;21;x + 22
543.4;97;54;0;73;74;41;16;95;10;14;83;70;22;17;45;2;72;90;65;39;43;95;33;23;16;20;0;0;x + 96
543.4;239;233;0;121;134;30;215;55;200;19;75;191;101;152;126;190;48;215;177;172;17;93;1;186;108;170;70;27;x + 238
548.2;7;[ 1, 6 ];[ 3, 6 ];0;[ 1, 1 ];[ 4, 0 ];[ 0, 5 ];[ 6, 4 ];[ 6, 5 ];[ 5, 6 ];[ 1, 0 ];[ 2, 0 ];[ 3, 0 ];[ 3, 6 ];[ 2, 4 ];0;[ 4, 3 ];[ 6, 4 ];[ 0, 2 ];[ 6, 5 ];[ 0, 3 ];[ 6, 1 ];[ 2, 2 ];[ 0, 0 ];[ 4, 0 ];[ 1, 4 ];[ 1, 1 ];[ 5, 4 ];x^2 + 6*x + 3
548.2;29;10;6;0;15;5;18;0;11;28;27;0;4;4;10;8;1;19;27;24;3;26;15;25;1;2;16;3;x + 28
548.2;2543;1040;1461;0;835;393;832;1277;545;1330;1835;146;308;80;296;1746;176;2309;959;1924;433;1555;2226;21;1321;2376;783;741;x + 2542
564.3;17;9;0;0;16;3;9;12;2;0;9;7;15;0;4;10;12;4;5;7;9;6;13;10;11;13;2;1;x^2 + 16*x + 3
565.2;11;7;2;3;0;6;0;4;2;1;3;7;7;10;6;8;8;1;7;8;7;7;5;5;10;2;6;3;x + 10
565.2;227;2;64;149;0;54;30;43;197;154;96;162;209;200;192;187;121;33;169;74;85;75;125;59;98;95;75;112;x + 226
565.1;157;56;57;50;0;76;116;66;42;87;25;6;92;27;117;156;32;133;33;126;128;100;20;145;122;14;138;2;x + 156
565.1;337;23;293;323;0;20;288;297;222;30;325;240;57;226;202;279;9;65;241;180;183;223;63;106;271;96;162;134;x + 336
573.1;2;0;[ 0, 1 ];0;[ 0, 0 ];[ 0, 1 ];[ 1, 1 ];[ 0, 0 ];[ 0, 1 ];[ 0, 1 ];[ 0, 0 ];[ 0, 0 ];[ 0, 0 ];[ 0, 0 ];[ 0, 0 ];[ 0, 0 ];[ 0, 0 ];[ 0, 0 ];[ 0, 0 ];[ 1, 1 ];[ 0, 1 ];[ 1, 1 ];[ 0, 0 ];[ 0, 1 ];[ 1, 1 ];[ 1, 1 ];[ 1, 1 ];[ 1, 1 ];x^2 + x + 1
573.1;79;0;53;5;21;72;49;19;74;10;18;13;78;48;49;35;50;40;72;60;48;50;15;12;37;29;44;63;x + 78
573.1;1171;0;1007;138;437;198;897;1114;764;1115;183;426;491;815;222;125;281;560;1045;852;735;708;483;633;1106;582;1003;1034;x + 1170
573.2;19;0;18;15;6;15;13;6;14;8;10;2;0;3;15;14;16;2;14;1;10;13;8;12;16;12;17;5;x + 18
573.2;283;0;225;207;37;174;141;1;54;18;143;258;208;128;246;25;177;22;9;177;264;259;29;226;142;185;144;160;x + 282
575.5;7;0;0;4;6;0;2;0;4;1;1;4;2;0;1;0;6;3;2;2;1;1;0;4;2;2;6;1;x + 6
575.5;7;0;0;3;1;0;5;0;3;6;6;3;2;0;1;0;1;3;2;2;1;6;0;4;5;5;6;6;x + 6
575.6;17;3;2;8;8;0;1;9;0;9;13;5;15;1;14;10;6;1;2;0;0;16;13;16;0;15;6;9;x^2 + 16*x + 3
575.6;17;14;2;9;9;0;16;9;0;8;4;12;15;16;14;7;11;1;2;0;0;1;13;16;0;2;6;8;x^2 + 16*x + 3
575.3;11;7;6;5;0;0;0;0;9;10;4;5;7;4;10;3;2;3;3;4;4;6;5;10;9;2;10;4;x + 10
575.3;37;12;8;32;0;0;21;0;13;34;9;0;0;21;33;35;25;35;28;35;5;13;3;27;20;11;13;17;x + 36
575.3;89;46;7;50;0;0;23;0;25;5;69;74;84;18;88;7;66;45;9;60;56;6;13;55;0;0;73;32;x + 88
577.2;371141;164484;247116;73468;33764;186185;310893;40900;254869;111367;88254;131448;113910;313594;318751;217684;344578;78789;287853;179630;199575;239836;272936;273162;36314;333100;79125;181595;x + 371140
583.2;3;0;0;[ 2, 0 ];[ 0, 2 ];[ 2, 2 ];0;[ 0, 2 ];[ 2, 0 ];[ 0, 0 ];[ 0, 2 ];[ 0, 0 ];[ 1, 2 ];[ 2, 1 ];[ 1, 2 ];[ 2, 2 ];[ 0, 2 ];0;[ 2, 0 ];[ 0, 1 ];[ 0, 2 ];[ 1, 1 ];[ 2, 1 ];[ 1, 0 ];[ 2, 1 ];[ 1, 1 ];[ 2, 0 ];[ 0, 2 ];x^2 + 2*x + 2
583.2;173;9;130;115;102;105;0;87;25;162;140;117;145;65;94;77;24;0;104;33;10;111;49;78;166;31;159;78;x + 172
583.2;563;124;417;537;4;390;0;235;436;397;403;178;20;558;229;45;0;0;227;321;437;532;364;527;438;376;192;53;x + 562
587.2;3;0;0;[ 0, 1 ];[ 0, 0 ];[ 0, 0 ];[ 2, 2 ];[ 0, 0 ];[ 0, 2 ];[ 2, 2 ];[ 1, 2 ];[ 1, 0 ];[ 2, 2 ];[ 1, 1 ];[ 1, 2 ];[ 1, 1 ];[ 1, 2 ];[ 0, 2 ];[ 1, 2 ];[ 2, 1 ];[ 2, 0 ];[ 2, 2 ];[ 0, 0 ];[ 2, 2 ];[ 1, 1 ];[ 2, 1 ];[ 0, 1 ];[ 2, 2 ];x^2 + 2*x + 2
587.2;7;[ 4, 1 ];[ 6, 2 ];[ 1, 6 ];[ 3, 6 ];[ 3, 4 ];[ 1, 1 ];[ 0, 4 ];[ 6, 4 ];[ 6, 1 ];[ 3, 1 ];[ 2, 1 ];[ 2, 3 ];[ 6, 4 ];[ 4, 6 ];0;[ 4, 6 ];[ 3, 0 ];[ 3, 2 ];[ 0, 5 ];[ 1, 6 ];[ 3, 2 ];[ 6, 3 ];[ 4, 2 ];[ 4, 3 ];[ 2, 6 ];[ 2, 0 ];[ 0, 4 ];x^2 + 6*x + 3
587.2;31;13;13;9;9;26;26;13;17;0;0;9;8;21;0;8;2;28;24;30;0;2;5;23;10;13;29;7;x + 30
587.2;7963;6354;1873;1581;7851;7221;2473;7344;6061;702;7719;7802;3429;5639;3580;2094;4402;2671;6995;3609;578;2574;681;7452;78;6126;905;5226;x + 7962
588.2;53;25;0;0;24;16;43;45;28;6;3;50;2;38;8;0;0;0;18;40;43;46;11;36;50;13;19;39;x + 52
592.1;3;0;0;0;[ 0, 2 ];[ 2, 2 ];[ 2, 1 ];[ 0, 0 ];[ 0, 2 ];[ 1, 2 ];[ 0, 1 ];0;[ 0, 0 ];[ 2, 1 ];[ 0, 0 ];[ 1, 0 ];[ 2, 1 ];[ 2, 1 ];[ 1, 1 ];[ 1, 1 ];[ 1, 0 ];[ 1, 2 ];[ 0, 0 ];[ 1, 2 ];[ 0, 2 ];[ 2, 2 ];[ 0, 0 ];[ 1, 0 ];x^2 + 2*x + 2
592.1;7;0;3;0;0;1;5;3;1;0;3;0;1;6;6;0;5;5;3;0;5;4;6;6;1;0;5;2;x + 6
592.1;41;33;36;0;26;13;34;21;5;3;15;0;29;14;5;19;5;33;16;31;26;14;36;10;37;34;0;40;x + 40
592.1;61;19;57;0;42;18;28;21;12;14;58;0;35;24;13;24;37;28;54;53;1;20;52;18;12;10;27;31;x + 60
597.2;31;0;10;3;17;16;12;18;3;0;0;24;17;15;22;13;24;19;9;2;19;29;14;26;8;9;13;6;x + 30
597.2;181;0;53;32;157;102;16;1;35;124;110;177;48;67;118;59;60;123;119;99;165;166;139;32;138;26;154;18;x + 180
599.1;3;0;0;[ 0, 2 ];[ 1, 1 ];[ 1, 2 ];[ 1, 0 ];[ 1, 2 ];[ 2, 0 ];[ 0, 2 ];[ 0, 0 ];[ 0, 1 ];[ 1, 1 ];[ 2, 0 ];[ 2, 2 ];[ 1, 0 ];[ 2, 1 ];[ 0, 1 ];[ 2, 2 ];[ 1, 2 ];[ 1, 0 ];[ 1, 1 ];[ 1, 1 ];[ 0, 0 ];[ 1, 1 ];[ 1, 0 ];[ 2, 2 ];[ 0, 2 ];x^2 + 2*x + 2
599.1;59;55;57;52;7;17;34;32;13;43;4;38;46;28;14;53;22;36;0;0;6;19;6;43;41;42;33;13;x + 58
599.1;88993;31272;86218;12948;62206;82586;3859;36537;1094;29616;82229;64183;68275;8197;73816;81706;17488;60976;37729;12526;77143;36921;84758;70760;21865;87927;42005;23242;x + 88992
603.1;17;0;2;10;7;6;10;2;13;6;10;14;10;2;6;6;5;14;3;8;0;16;12;11;13;14;7;3;x + 16
603.1;73;0;39;7;17;41;56;56;40;39;53;6;40;60;52;71;63;17;45;47;0;39;11;29;49;27;25;8;x + 72
603.5;17;10;0;10;10;11;7;15;4;6;10;14;10;15;11;6;12;3;14;9;0;16;5;6;4;3;7;3;x + 16
603.5;59;56;0;30;21;41;25;2;11;11;5;50;9;16;14;4;11;39;0;0;0;32;40;42;20;22;5;35;x + 58
603.4;13;0;0;8;8;8;3;7;5;8;10;10;2;2;7;3;12;12;12;3;7;0;6;8;1;2;10;5;x + 12
605.2;47;32;26;46;6;0;0;27;43;19;0;43;5;0;0;20;46;22;3;8;11;21;33;11;44;10;43;31;x^4 + 8*x^2 + 40*x + 5
617.1;7621;7224;3227;1352;1400;3674;1645;2885;4628;5738;2254;4690;7146;6530;7097;1863;3299;5668;3906;6774;352;5712;2942;7208;6210;1953;802;785;x + 7620
619.1;71;2;43;25;51;31;62;55;55;33;49;68;36;4;39;25;53;39;34;62;3;46;0;0;21;11;56;17;x + 70
620.1;17;10;7;0;0;7;10;8;4;0;8;10;15;8;3;4;14;4;8;6;9;11;12;8;10;1;15;12;x + 16
620.1;23;19;16;0;0;8;14;0;0;0;13;20;11;5;19;20;3;13;16;8;3;12;21;19;21;20;18;0;x + 22
620.1;47;22;16;0;0;17;41;2;9;0;40;15;44;0;0;38;39;6;41;24;8;28;10;13;44;41;15;6;x + 46
621.7;47;12;0;33;22;41;13;0;43;37;42;21;36;0;0;37;25;35;29;16;11;36;36;37;38;18;26;43;x + 46
621.6;41;0;0;8;27;8;14;9;0;17;38;4;21;30;28;11;32;27;8;10;9;25;27;21;33;12;19;30;x + 40
628.2;5;[ 4, 1 ];[ 2, 0 ];0;0;0;[ 1, 3 ];[ 3, 4 ];[ 2, 3 ];[ 1, 4 ];[ 0, 2 ];[ 3, 0 ];[ 4, 1 ];[ 3, 4 ];[ 1, 1 ];[ 1, 3 ];[ 3, 0 ];[ 3, 3 ];[ 3, 3 ];[ 3, 1 ];[ 3, 1 ];[ 2, 3 ];[ 4, 0 ];[ 2, 3 ];[ 4, 2 ];[ 2, 3 ];[ 0, 2 ];[ 3, 1 ];x^2 + 4*x + 2
628.2;31;18;3;0;20;17;4;20;1;0;0;16;20;16;0;0;5;21;5;16;24;26;27;19;25;25;24;17;x + 30
628.2;37;26;24;0;36;25;29;0;32;2;29;0;0;34;5;35;4;27;8;35;4;25;23;35;23;4;9;6;x + 36
628.2;107;4;0;0;20;86;13;76;90;102;26;77;106;105;22;96;100;26;5;76;28;104;12;91;94;66;78;97;x + 106
628.2;181;16;159;0;44;3;100;96;140;26;72;79;68;55;56;118;159;44;51;20;50;179;12;171;95;127;68;149;x + 180
631.2;3;0;0;[ 2, 0 ];[ 0, 1 ];[ 1, 1 ];[ 0, 0 ];[ 0, 2 ];[ 0, 0 ];[ 0, 0 ];[ 0, 0 ];[ 0, 0 ];[ 1, 0 ];[ 2, 2 ];[ 1, 1 ];[ 0, 2 ];[ 1, 1 ];[ 0, 0 ];[ 1, 2 ];[ 2, 2 ];[ 2, 1 ];[ 0, 0 ];[ 1, 2 ];[ 1, 2 ];[ 1, 1 ];[ 0, 0 ];[ 0, 0 ];[ 0, 0 ];x^2 + 2*x + 2
631.2;7;5;2;2;1;2;0;3;0;4;0;3;4;1;2;0;1;0;6;5;1;5;5;1;3;0;5;5;x + 6
631.2;11;8;9;3;6;10;0;7;7;10;7;3;3;1;2;5;7;7;1;10;2;4;5;1;2;10;10;1;x + 10
631.2;37;13;34;25;15;10;12;0;34;3;13;0;0;17;29;0;16;18;31;10;9;36;3;4;16;5;17;14;x + 36
631.2;43;26;19;36;36;17;15;3;21;4;25;42;19;35;0;17;35;15;38;29;0;5;6;40;38;20;34;17;x + 42
631.2;56687;54341;1329;17757;54843;47644;29878;7646;4731;34052;8321;3564;644;24379;13593;28544;46329;19444;37014;16247;7825;33335;56137;15051;30236;10833;26254;53855;x + 56686
636.4;3;0;0;0;[ 0, 1 ];[ 2, 2 ];[ 0, 2 ];[ 1, 1 ];[ 0, 2 ];[ 0, 2 ];[ 0, 1 ];[ 1, 0 ];[ 2, 2 ];[ 2, 0 ];[ 2, 0 ];[ 1, 2 ];[ 1, 0 ];0;[ 1, 2 ];[ 0, 1 ];[ 1, 2 ];[ 1, 0 ];[ 2, 2 ];[ 1, 1 ];[ 2, 0 ];[ 2, 0 ];[ 1, 2 ];[ 1, 2 ];x^2 + 2*x + 2
636.4;17;10;0;0;16;14;11;15;11;15;5;14;5;7;0;6;0;0;3;9;4;9;12;0;13;9;16;16;x + 16
636.3;5;[ 2, 3, 3 ];0;0;0;0;[ 3, 4, 0 ];[ 0, 1, 1 ];[ 2, 3, 3 ];[ 0, 4, 1 ];[ 1, 2, 4 ];[ 2, 4, 0 ];[ 1, 0, 4 ];[ 2, 2, 3 ];[ 3, 4, 1 ];[ 3, 3, 1 ];0;[ 2, 2, 2 ];[ 3, 4, 1 ];[ 0, 4, 3 ];[ 2, 2, 4 ];[ 0, 1, 4 ];[ 3, 0, 3 ];[ 1, 1, 1 ];[ 0, 1, 1 ];[ 1, 0, 4 ];[ 4, 3, 1 ];[ 0, 0, 3 ];x^3 + 3*x + 3
636.3;17;16;0;0;10;5;3;15;15;13;9;9;13;14;13;16;0;11;6;2;10;8;2;15;4;13;6;4;x + 16
636.3;59;43;0;0;24;25;4;35;55;47;57;6;30;10;53;6;0;33;0;0;49;6;17;23;6;44;39;47;x + 58
639.6;79;45;0;6;69;45;72;55;7;31;28;62;56;70;20;16;30;5;67;39;9;23;50;0;58;20;45;39;x + 78
639.3;11;0;0;6;9;3;0;3;6;10;7;7;1;7;7;8;5;1;0;0;5;2;0;1;4;2;2;8;x + 10
639.3;17;0;0;8;11;4;16;4;16;8;15;12;5;6;14;5;5;13;13;11;0;8;0;9;10;6;8;15;x + 16
641.1;10399;6586;9119;6600;959;3039;2972;779;5039;5083;9961;2943;8295;6789;1138;1880;3970;1250;428;3907;9200;506;3554;7022;4346;3467;492;5901;x + 10398
641.1;9512101;4913469;3557245;7521106;4219231;9108077;1273172;568560;9244588;807589;5076804;6302098;3579728;8306137;8534709;3772501;4539728;4628020;6564945;3725;2134014;4401439;5451133;7975734;7773734;6065253;3338667;5280616;x + 9512100
643.2;17;14;12;16;12;9;9;5;15;5;0;7;2;10;11;11;6;12;12;5;10;9;15;8;3;13;10;4;x + 16
643.2;816707393;152262453;96971859;477276266;494461509;64435723;122788942;151346688;233765432;586525760;552860142;782410841;387797750;545549991;373722930;615658514;325578475;572614098;734843950;257851182;596663373;495537172;281464165;381925771;408381529;801183237;657255937;396187872;x + 816707392
647.1;11;8;8;4;5;1;0;0;5;0;4;8;7;4;8;9;8;1;7;3;9;1;5;1;4;2;9;6;x + 10
647.1;23;0;14;8;22;22;8;0;0;10;10;11;5;14;17;1;16;13;11;14;7;3;15;7;9;9;14;22;x + 22
647.1;4079;1292;2089;1930;2843;2846;3344;630;1371;618;2288;2045;3799;78;3880;4031;904;2997;3264;145;3333;3067;1529;2160;3290;1743;1754;2390;x + 4078
649.2;3;0;0;[ 0, 1 ];[ 1, 1 ];[ 1, 2 ];0;[ 1, 1 ];[ 2, 2 ];[ 2, 0 ];[ 1, 1 ];[ 0, 2 ];[ 2, 2 ];[ 1, 1 ];[ 1, 2 ];[ 1, 0 ];[ 0, 2 ];[ 2, 0 ];[ 0, 2 ];0;[ 0, 2 ];[ 1, 0 ];[ 2, 1 ];[ 2, 2 ];[ 2, 0 ];[ 0, 1 ];[ 0, 2 ];[ 2, 2 ];x^2 + 2*x + 2
649.2;7;3;0;1;5;6;0;5;5;2;1;4;3;3;1;0;4;6;5;0;2;3;1;6;1;0;2;5;x + 6
649.2;19;4;0;3;2;8;0;3;17;13;10;5;18;8;13;14;11;5;7;0;10;9;0;15;12;9;3;5;x + 18
649.2;43;28;11;42;26;24;0;1;19;6;32;18;27;25;3;23;13;17;7;0;29;4;20;30;22;6;2;19;x + 42
652.1;223;76;45;0;49;139;218;55;155;64;51;89;9;161;7;171;214;152;170;38;141;76;112;187;77;144;178;50;x + 222
652.1;353;10;82;0;344;351;128;140;337;151;265;220;140;255;342;153;116;2;53;149;11;28;329;16;287;42;344;187;x + 352
653.2;127;15;11;117;104;87;124;71;36;93;115;13;22;114;18;103;119;28;42;108;125;19;67;23;14;46;49;89;x + 126
653.2;7475861;3865300;5719349;5832201;4956125;1591330;912624;1684308;5519790;3669458;4180098;3317351;299230;4264964;4993730;3944175;987090;2392352;3104057;2491541;3230638;2784344;4449524;1517614;4232726;916335;4767169;5484338;x + 7475860
661.2;3;0;0;[ 0, 1, 0, 1, 2, 1 ];[ 2, 1, 2, 1, 0, 1 ];[ 1, 2, 0, 2, 0, 2 ];[ 1, 0, 2, 0, 2, 0 ];[ 0, 2, 0, 0, 1, 0 ];[ 2, 2, 0, 1, 1, 1 ];[ 2, 1, 2, 0, 0, 1 ];[ 2, 1, 0, 0, 1, 0 ];[ 1, 1, 0, 2, 2, 1 ];[ 0, 2, 0, 1, 1, 1 ];[ 1, 2, 0, 2, 1, 0 ];[ 1, 2, 1, 1, 2, 2 ];[ 1, 1, 1, 0, 1, 2 ];[ 1, 2, 1, 0, 2, 1 ];[ 1, 1, 0, 1, 2, 0 ];[ 2, 1, 0, 2, 1, 2 ];[ 2, 1, 0, 2, 1, 0 ];[ 2, 1, 2, 2, 0, 1 ];[ 2, 2, 2, 0, 1, 2 ];[ 0, 2, 2, 2, 0, 0 ];[ 0, 2, 0, 1, 0, 1 ];[ 2, 2, 1, 1, 1, 2 ];[ 0, 0, 2, 2, 0, 2 ];[ 1, 1, 0, 0, 2, 2 ];[ 2, 2, 2, 2, 1, 0 ];x^6 + 2*x^4 + x^2 + 2*x + 2
661.2;17;8;8;16;16;3;11;5;2;12;15;4;15;11;10;16;2;8;13;8;16;4;2;8;8;14;8;4;x + 16
661.2;10264819;2569719;1384947;9978795;8910931;6801999;3839954;4429405;8293790;7148421;7245168;2901129;2751809;5094496;5333415;7815614;5537341;1192079;9584260;3234091;7227363;3103823;8490853;2209325;1258018;4849632;7943809;9969782;x + 10264818
669.1;73;0;21;7;32;59;43;31;50;32;66;55;43;31;24;66;46;10;56;4;49;4;48;1;35;56;2;9;x^2 + 70*x + 5
669.1;149;0;134;90;104;63;13;17;40;9;131;74;5;109;43;1;31;112;37;146;42;106;63;117;142;120;74;64;x^2 + 145*x + 2
669.3;401;189;0;388;300;348;139;93;196;64;45;117;244;329;299;243;163;284;67;229;373;328;114;368;217;209;17;148;x + 400
669.3;599;425;0;226;168;124;337;475;536;102;201;182;584;134;111;308;255;263;282;248;327;459;524;93;211;92;312;91;x + 598
675.2;17;0;7;6;0;0;4;7;12;1;4;11;1;7;8;2;12;6;4;3;13;8;1;0;16;4;0;15;x + 16
683.1;71;20;67;48;36;53;49;22;51;36;14;38;19;27;6;45;43;56;58;37;1;36;0;0;67;21;15;7;x + 70
683.1;941;819;126;512;135;486;43;139;560;625;25;539;482;771;654;151;174;710;8;19;768;768;641;505;378;589;235;240;x + 940
683.1;257921;30633;117302;226896;143406;32725;35732;158773;140327;164775;45904;106482;163747;123698;197028;47375;70302;81607;9612;167067;43452;234161;235005;244826;116581;249669;152719;115789;x + 257920
685.4;11;4;5;9;0;0;0;8;6;8;1;7;10;9;10;8;2;1;0;10;10;10;10;10;9;5;9;9;x + 10
685.4;67;53;41;34;31;0;48;31;34;3;48;7;63;37;21;24;33;32;33;53;0;0;9;36;11;47;63;46;x + 66
685.4;1033;826;556;853;150;0;365;631;414;823;907;414;237;142;963;226;335;647;759;615;928;919;536;617;408;829;667;532;x + 1032
685.3;13;2;3;11;7;0;5;2;1;9;12;5;7;8;7;3;5;12;8;4;0;0;12;8;5;11;5;11;x + 12
685.3;113;68;89;16;83;0;51;58;31;34;18;13;78;105;57;64;104;89;36;5;71;44;32;90;91;73;76;26;x + 112
685.3;1583;199;914;1495;1531;0;580;1392;1453;278;745;719;1122;612;358;400;1147;133;1078;711;731;514;1402;1519;168;982;1451;1405;x + 1582
687.2;5;0;[ 2, 2 ];[ 1, 4 ];0;0;[ 4, 3 ];[ 2, 1 ];[ 0, 2 ];[ 4, 1 ];[ 0, 3 ];[ 3, 1 ];[ 1, 4 ];[ 4, 2 ];[ 2, 2 ];[ 0, 1 ];[ 4, 3 ];[ 2, 3 ];[ 4, 1 ];[ 2, 4 ];[ 4, 3 ];[ 4, 0 ];[ 3, 1 ];[ 0, 3 ];[ 0, 1 ];[ 0, 3 ];[ 3, 4 ];[ 0, 0 ];x^2 + 4*x + 2
687.2;23;0;21;9;14;16;16;0;0;15;4;4;18;20;0;18;10;2;12;8;16;3;13;17;16;12;6;20;x + 22
687.2;29;0;6;23;28;23;28;23;12;5;27;22;0;0;19;28;8;23;4;6;6;28;19;6;25;11;7;4;x + 28
687.1;11;0;9;2;3;3;0;2;0;3;7;7;2;10;6;1;0;6;2;5;1;8;7;5;0;1;8;5;x + 10
687.1;41;0;36;6;24;16;4;32;2;20;15;10;35;21;25;5;0;10;23;17;9;32;34;3;22;4;9;25;x + 40
687.1;751;0;625;616;331;234;697;51;48;30;740;733;630;671;480;206;454;316;713;729;300;701;627;427;553;69;331;724;x + 750
691.1;3;0;0;[ 0, 2 ];[ 0, 1 ];[ 1, 2 ];[ 1, 0 ];[ 2, 0 ];[ 2, 2 ];[ 0, 1 ];[ 0, 2 ];[ 2, 1 ];[ 1, 0 ];[ 2, 2 ];[ 1, 2 ];[ 0, 1 ];[ 1, 1 ];[ 1, 2 ];[ 1, 2 ];[ 2, 2 ];[ 1, 1 ];[ 0, 1 ];[ 2, 2 ];[ 0, 1 ];[ 2, 2 ];[ 0, 2 ];[ 2, 2 ];[ 2, 1 ];x^2 + 2*x + 2
691.1;29;23;22;16;24;10;6;14;16;27;11;16;3;21;2;21;13;20;17;1;4;6;24;21;23;12;14;3;x + 28
691.1;41;28;7;22;8;21;38;38;34;39;35;9;14;34;27;35;37;14;35;28;18;7;25;11;34;27;35;33;x + 40
691.1;1777;977;146;22;195;828;1168;587;1593;1067;969;559;1448;138;569;509;1564;685;950;152;478;1396;400;1485;711;867;534;966;x + 1776
691.1;5011;1753;2466;553;1392;1880;2322;2314;3645;1795;4604;3442;1403;2942;4536;1123;918;3784;918;1113;2705;1301;208;2615;1207;3730;1682;1877;x + 5010
705.6;13;2;0;6;0;8;8;3;9;6;5;1;2;1;0;12;8;6;8;9;8;3;6;4;2;8;11;5;x + 12
705.6;17;4;0;11;0;7;0;9;1;11;16;9;2;16;0;1;6;2;4;16;4;0;9;3;7;1;9;13;x + 16
705.4;137;0;126;118;31;0;22;133;5;2;82;3;123;121;0;129;131;7;19;47;73;80;83;28;13;87;10;111;x^2 + 131*x + 3
705.7;19;14;0;15;16;0;8;8;0;18;4;16;3;0;4;14;2;6;10;3;0;16;17;0;8;2;3;6;x + 18
705.7;43;5;0;16;21;0;39;10;32;21;37;18;25;0;27;8;37;37;8;39;30;12;37;1;13;18;5;34;x + 42
708.1;11;0;5;0;2;8;0;7;2;9;2;1;9;2;1;5;3;8;0;8;3;5;0;3;6;10;7;1;x + 10
708.1;191;0;18;0;162;74;151;181;5;184;145;10;15;124;142;150;82;67;0;124;110;90;154;180;185;49;86;55;x + 190
709.1;7;0;4;4;6;4;4;0;0;0;1;5;0;4;2;0;3;5;2;2;0;0;0;2;2;3;2;5;x + 6
709.1;37;3;9;21;24;16;33;35;22;28;25;0;0;25;5;32;13;26;10;23;0;4;28;26;20;2;8;22;x + 36
709.1;113;27;55;14;79;109;67;57;72;74;3;3;31;32;7;31;72;88;63;50;87;16;28;65;8;34;71;20;x + 112
709.1;15973;2083;4824;440;15088;1103;2621;5234;13420;9993;14399;6454;2851;4787;15733;1722;8146;418;10028;5876;6445;9623;10073;4738;10669;4719;1208;5383;x + 15972
713.3;17;5;10;9;1;11;6;1;0;0;0;13;9;9;7;3;3;11;1;6;5;12;8;7;4;4;2;12;x + 16
713.3;53;33;6;43;39;8;52;10;0;0;48;31;46;47;1;2;0;0;31;36;33;3;44;19;21;11;40;20;x + 52
713.3;631;163;508;139;560;116;391;134;0;0;348;187;65;85;140;40;126;608;166;39;349;264;624;432;257;611;361;115;x + 630
713.1;5;[ 3, 3 ];[ 2, 0 ];[ 4, 2 ];0;0;[ 0, 0 ];0;[ 4, 2 ];0;[ 4, 1 ];[ 2, 2 ];[ 3, 3 ];[ 4, 1 ];[ 3, 4 ];[ 2, 0 ];[ 4, 1 ];[ 2, 1 ];[ 2, 1 ];[ 1, 4 ];[ 0, 2 ];[ 1, 3 ];[ 0, 3 ];[ 2, 3 ];[ 3, 1 ];[ 3, 3 ];[ 3, 2 ];[ 0, 0 ];x^2 + 4*x + 2
713.1;5;[ 2, 2 ];[ 2, 0 ];[ 2, 0 ];0;0;[ 2, 1 ];0;[ 3, 4 ];0;[ 1, 4 ];[ 4, 0 ];[ 3, 2 ];[ 0, 1 ];[ 4, 3 ];[ 2, 1 ];[ 3, 2 ];[ 3, 4 ];[ 3, 1 ];[ 3, 4 ];[ 3, 1 ];[ 4, 3 ];[ 2, 1 ];[ 0, 0 ];[ 3, 3 ];[ 0, 0 ];[ 1, 3 ];[ 3, 0 ];x^2 + 4*x + 2
713.1;23;21;21;15;5;12;2;0;0;0;15;6;13;14;6;21;9;14;14;5;19;20;13;14;18;15;0;18;x + 22
713.1;61;45;14;50;47;7;7;0;33;0;60;23;36;4;2;31;9;50;32;24;6;37;59;43;13;52;34;47;x + 60
713.1;89;13;64;32;75;24;4;0;21;0;62;43;51;10;41;69;11;34;42;20;37;22;70;88;0;0;72;55;x + 88
716.2;3;0;0;0;[ 2, 0 ];[ 0, 2 ];[ 1, 1 ];[ 1, 1 ];[ 0, 2 ];[ 2, 0 ];[ 1, 0 ];[ 0, 1 ];[ 0, 2 ];[ 2, 2 ];[ 2, 1 ];[ 1, 1 ];[ 1, 0 ];[ 0, 0 ];[ 2, 0 ];[ 2, 0 ];[ 1, 1 ];[ 0, 0 ];[ 2, 1 ];[ 2, 0 ];[ 1, 2 ];[ 2, 2 ];[ 1, 1 ];[ 0, 0 ];x^2 + 2*x + 2
716.2;59;24;33;0;32;6;16;45;4;55;27;49;4;58;21;49;42;1;0;0;37;44;57;46;8;29;31;42;x + 58
716.2;81553;1113;63814;0;28408;68978;24937;22454;75031;1219;22074;6869;73851;62440;44559;40756;55299;44715;51477;69071;51305;61506;21339;22476;3319;22728;62881;58248;x + 81552
719.1;4751;3650;1979;1455;3765;1420;2994;2393;3961;1291;2189;3615;382;2792;493;492;4283;17;654;1464;1862;3390;1407;2298;1196;3932;4193;4275;x + 4750
719.1;38329;22800;13245;24780;2780;35271;7529;7277;2377;14650;110;36639;21945;15281;20469;32150;31555;17076;18938;29719;37103;5978;9260;21889;33848;8726;25060;29163;x + 38328
724.1;17;[ 2, 12 ];[ 2, 6 ];0;[ 16, 9 ];[ 2, 1 ];[ 15, 0 ];[ 4, 3 ];[ 6, 8 ];[ 2, 8 ];[ 12, 0 ];[ 15, 3 ];[ 11, 8 ];[ 3, 4 ];[ 9, 16 ];[ 13, 5 ];[ 4, 1 ];[ 3, 6 ];[ 9, 12 ];[ 2, 2 ];[ 1, 4 ];[ 2, 5 ];[ 4, 1 ];[ 6, 11 ];[ 1, 7 ];[ 13, 13 ];[ 2, 6 ];[ 6, 0 ];x^2 + 16*x + 3
724.1;1621;530;18;0;970;747;786;471;750;66;1497;1296;1171;1464;446;273;713;1106;195;993;151;749;76;396;163;1600;702;18;x + 1620
727.1;2;[ 0, 0 ];[ 0, 0 ];0;[ 0, 1 ];[ 0, 0 ];[ 1, 1 ];[ 0, 1 ];[ 0, 0 ];[ 0, 1 ];[ 1, 1 ];[ 1, 1 ];[ 0, 0 ];[ 1, 1 ];[ 0, 0 ];[ 0, 0 ];[ 0, 1 ];[ 1, 1 ];[ 0, 0 ];[ 0, 0 ];[ 0, 0 ];[ 0, 1 ];[ 1, 1 ];[ 0, 0 ];[ 0, 1 ];[ 0, 0 ];[ 0, 1 ];[ 1, 1 ];x^2 + x + 1
727.1;5;3;1;0;0;0;3;4;1;2;4;1;4;1;4;2;3;3;2;1;1;4;2;0;4;1;2;2;x + 4
727.1;31627;10382;3822;10153;5584;8624;24667;15290;25752;17467;12692;7085;25824;502;2477;907;29503;832;5216;15297;2879;2835;25746;1176;6000;18179;15129;7147;x + 31626
727.1;215927;85302;78401;138868;196877;135030;94966;6849;106417;133542;47175;93910;96434;87866;6769;2583;180130;88921;55732;170704;74754;49082;141893;24310;1409;117650;73704;210355;x + 215926
729.7;17;13;0;6;14;16;8;11;9;3;7;5;11;10;3;4;13;10;2;8;4;10;11;7;4;12;2;4;x + 16
729.7;19;3;0;6;5;1;12;3;1;8;16;2;14;0;7;15;7;14;2;10;14;14;1;2;15;3;7;5;x^2 + 18*x + 2
729.2;17;0;0;10;15;16;0;11;14;16;15;13;7;1;3;7;9;16;13;14;10;10;1;0;6;14;11;13;x + 16
735.4;23;5;0;10;22;0;20;0;0;3;21;16;17;15;7;0;7;11;8;1;4;9;14;17;15;3;5;2;x + 22
735.4;23;13;0;15;6;0;18;0;0;7;16;9;4;3;8;0;8;1;7;5;7;19;10;9;20;8;13;16;x + 22
735.2;73;0;67;49;68;0;46;10;6;4;71;18;48;5;64;0;59;25;7;47;23;37;55;39;11;13;67;7;x + 72
737.2;23;18;15;10;16;15;0;0;0;2;2;0;19;21;5;1;11;7;5;5;8;0;16;11;5;22;11;19;x + 22
737.2;83;15;48;57;3;75;0;64;51;76;51;35;45;29;62;37;63;34;11;26;53;0;80;29;20;18;19;0;x + 82
737.2;15679;8596;10260;11244;14832;8826;0;14385;1926;12715;2809;12410;11326;2035;13152;5970;13970;12204;2570;8793;1463;0;295;63;6884;7151;1411;2518;x + 15678
740.2;11;9;4;0;0;4;0;7;0;9;2;3;0;7;2;3;0;4;8;7;4;3;7;6;2;9;1;2;x + 10
740.2;13;2;9;0;0;6;6;2;6;7;11;11;0;10;3;6;12;4;3;5;11;1;5;5;10;1;2;1;x + 12
740.2;29;17;15;0;0;21;14;17;26;17;0;28;0;1;8;18;24;13;26;15;9;22;11;27;15;15;15;10;x + 28
740.2;37;21;33;0;0;21;35;32;28;2;4;0;0;21;34;35;2;2;1;6;3;0;21;7;21;5;12;19;x + 36
740.2;61;43;26;0;0;57;16;3;26;0;12;18;0;44;13;33;34;19;19;31;19;2;53;46;2;59;3;35;x + 60
751.1;3;0;0;[ 2, 0 ];[ 0, 0 ];[ 0, 2 ];[ 2, 1 ];[ 2, 1 ];[ 2, 0 ];[ 2, 1 ];[ 0, 1 ];[ 1, 2 ];[ 2, 0 ];[ 1, 2 ];[ 1, 2 ];[ 1, 2 ];[ 2, 2 ];[ 1, 0 ];[ 2, 2 ];[ 1, 2 ];[ 0, 2 ];[ 2, 1 ];[ 1, 1 ];[ 0, 2 ];[ 0, 0 ];[ 0, 1 ];[ 2, 2 ];[ 2, 2 ];x^2 + 2*x + 2
751.1;3271;612;1518;1513;846;339;3136;3105;3206;1202;2523;1743;339;2599;314;2594;2912;1495;383;1382;765;85;821;895;209;483;756;324;x + 3270
751.1;80809;76728;63777;77444;29291;34774;2956;79828;29404;554;65909;60014;37306;9541;67260;8447;31371;33871;69564;27474;58480;6807;18942;10854;59998;74334;22218;39383;x + 80808
752.1;17;7;2;0;3;4;10;0;12;2;1;13;11;0;10;16;4;16;16;0;10;0;5;1;10;12;10;1;x + 16
752.1;149;107;83;0;96;65;22;114;102;72;61;115;39;0;143;88;72;97;28;55;95;49;73;18;53;138;61;12;x + 148
753.3;53;10;0;51;47;21;43;44;45;38;46;22;44;35;30;40;0;0;52;25;21;14;45;21;26;47;22;18;x + 52
753.3;79;78;0;5;14;15;66;13;44;46;44;3;59;66;31;23;33;51;6;12;42;60;61;55;49;16;33;48;x + 78
753.3;137;24;0;65;116;49;90;38;89;75;18;120;3;116;23;135;117;67;90;23;120;122;80;113;30;104;50;116;x + 136
753.4;19;6;0;0;16;10;5;7;17;11;17;13;0;1;11;2;18;17;17;8;5;17;9;1;0;6;11;7;x + 18
753.4;83;61;0;79;11;4;16;59;32;70;30;17;0;40;22;55;27;24;8;54;65;59;28;41;4;74;6;21;x + 82
753.4;4513;3535;0;502;3246;1385;1035;1735;3423;2078;4049;2461;2261;1467;2598;3093;525;3252;4448;2504;2853;393;1225;4121;445;298;3679;768;x + 4512
757.1;29;12;23;6;9;6;20;10;19;12;24;23;16;4;2;18;1;20;23;23;7;23;1;16;2;13;11;0;x + 28
757.1;383;74;77;265;288;102;272;227;309;96;265;71;124;235;64;318;92;301;27;367;312;97;6;166;228;314;39;270;x + 382
757.1;17053;1356;10271;9008;17025;2791;7510;13503;10324;14523;6315;4485;12074;7460;15890;870;2146;11718;5569;6426;13368;8586;16187;1715;12543;8703;6860;13346;x + 17052
757.1;32687;16475;6358;26548;26267;18386;5917;19657;20694;17606;2685;8098;12989;6047;25420;3954;9329;26038;16245;21553;18329;6263;18585;21069;9865;11637;24015;22569;x + 32686
759.1;83;0;70;66;42;14;0;0;0;40;32;14;60;40;19;18;35;40;82;62;34;42;14;80;22;51;62;48;x + 82
759.1;149;0;5;143;6;125;0;0;102;1;130;45;8;98;65;118;12;134;59;71;23;11;68;47;82;67;9;126;x + 148
759.3;23;5;0;4;20;17;0;0;0;15;18;10;21;15;6;21;2;0;14;22;2;16;18;19;5;13;15;18;x + 22
764.1;2;[ 0, 0, 0 ];[ 1, 1, 1 ];0;[ 1, 1, 1 ];[ 1, 1, 0 ];[ 0, 0, 0 ];[ 0, 0, 0 ];[ 1, 0, 1 ];[ 1, 0, 1 ];[ 1, 0, 1 ];[ 0, 0, 0 ];[ 1, 1, 0 ];[ 1, 1, 1 ];[ 1, 1, 0 ];[ 1, 1, 0 ];[ 0, 0, 0 ];[ 1, 1, 1 ];[ 1, 0, 1 ];[ 0, 0, 0 ];[ 0, 0, 0 ];[ 0, 0, 0 ];[ 0, 0, 0 ];[ 0, 0, 0 ];[ 1, 0, 1 ];[ 0, 0, 0 ];[ 0, 0, 0 ];[ 0, 0, 0 ];x^3 + x + 1
764.1;433;70;106;0;314;316;255;68;425;375;344;0;249;15;126;222;77;181;162;77;120;369;120;344;374;354;375;400;x + 432
771.3;757;600;0;681;68;620;191;687;140;9;510;172;273;242;210;552;271;97;445;174;333;748;710;711;218;53;77;11;x + 756
771.3;1217;24;0;621;27;552;116;962;1156;732;224;162;1179;126;365;715;940;705;457;300;878;1149;704;376;1139;62;1206;370;x + 1216
771.1;149;0;10;5;65;133;47;98;39;40;59;32;83;126;113;122;58;139;37;89;147;75;50;114;68;1;138;36;x + 148
771.1;11071;0;1149;5948;8669;2453;1410;4661;2306;9882;1095;915;8956;1614;2485;1412;3738;3691;1763;3831;1186;5549;8047;9235;2380;4917;11032;10931;x + 11070
773.2;701;359;291;456;403;149;403;335;282;439;59;147;444;119;218;442;388;679;524;192;322;569;354;95;209;639;447;321;x + 700
773.2;11681;3428;5659;5973;9431;8084;1391;7586;4022;9151;3598;4863;7466;4494;10798;622;4773;6599;5668;11060;10676;4178;3907;585;5832;844;2423;429;x + 11680
775.2;23;19;5;9;0;10;9;0;0;10;0;16;22;10;11;8;13;11;15;18;14;4;5;1;1;0;9;2;x + 22
775.2;23;19;18;14;0;13;14;0;0;13;0;16;1;10;12;15;13;12;15;18;9;4;5;1;22;0;14;2;x + 22
775.2;29;20;15;9;0;15;16;22;28;22;0;21;11;16;8;15;22;27;5;27;25;27;25;28;27;3;27;16;x + 28
775.3;23;14;12;18;0;0;14;0;0;0;12;11;21;0;21;16;17;7;20;21;7;14;22;6;10;9;14;17;x + 22
775.3;59;32;27;19;0;0;29;35;32;0;33;52;37;46;50;19;20;22;0;0;17;26;7;24;44;0;48;19;x + 58
781.2;19;11;0;17;7;15;0;17;1;11;2;9;18;18;15;13;11;0;6;7;10;2;12;0;16;7;11;2;x + 18
781.2;19;10;9;7;11;12;0;14;15;8;9;11;5;10;16;18;5;4;7;15;8;4;3;0;12;18;8;12;x + 18
781.2;97;48;76;37;5;34;0;31;12;96;51;47;17;45;68;42;61;89;61;43;31;3;14;0;78;10;0;0;x + 96
785.3;19;15;11;4;15;0;8;7;11;9;11;13;5;1;15;5;10;1;17;1;0;18;0;8;10;13;17;12;x + 18
785.3;41;8;27;12;1;0;14;25;31;36;26;7;22;35;36;4;15;38;14;11;10;0;31;8;1;5;24;29;x + 40
785.3;947;162;320;496;544;0;810;110;621;808;709;104;609;729;657;773;13;629;91;36;309;9;112;594;60;884;431;302;x + 946
785.4;5;4;1;1;0;0;2;3;1;4;3;1;2;3;3;0;0;0;1;2;1;0;3;1;0;4;0;2;x + 4
785.4;7;1;2;4;2;0;5;4;6;4;3;3;0;0;3;0;4;3;2;3;4;4;6;2;6;2;5;4;x + 6
785.4;59;15;30;53;10;0;54;41;10;18;2;37;5;44;4;14;48;9;0;0;45;13;24;22;27;50;49;55;x + 58
785.4;239;124;192;183;106;0;155;30;172;179;203;145;93;191;139;203;177;115;216;22;163;188;86;87;147;11;230;69;x + 238
795.8;19;3;0;10;6;0;4;3;18;16;6;17;18;18;15;11;12;0;17;0;4;8;2;9;4;13;6;11;x + 18
795.8;29;15;0;13;22;0;25;22;9;11;6;3;1;13;11;14;22;0;9;5;2;28;2;28;16;6;24;7;x + 28
795.4;3;0;0;[ 2, 0, 2, 0 ];[ 1, 2, 0, 2 ];0;[ 2, 1, 2, 1 ];[ 1, 0, 0, 1 ];[ 2, 1, 1, 2 ];[ 1, 1, 2, 2 ];[ 2, 2, 1, 1 ];[ 0, 0, 0, 2 ];[ 2, 0, 1, 0 ];[ 0, 1, 0, 1 ];[ 0, 1, 2, 0 ];[ 2, 1, 1, 2 ];[ 0, 2, 2, 1 ];0;[ 2, 0, 0, 2 ];[ 1, 1, 2, 2 ];[ 0, 2, 0, 1 ];[ 0, 1, 0, 0 ];[ 1, 1, 1, 0 ];[ 1, 1, 1, 1 ];[ 0, 1, 1, 1 ];[ 0, 0, 2, 2 ];[ 1, 1, 1, 1 ];[ 2, 2, 1, 0 ];x^4 + 2*x^3 + 2
795.4;59;0;12;7;17;0;50;11;3;46;42;31;22;38;35;20;49;0;0;0;31;52;21;6;19;21;55;30;x + 58
795.4;107;0;37;15;60;0;62;42;69;63;29;52;51;33;75;44;24;0;51;82;92;50;61;70;85;92;100;16;x + 106
795.6;11;9;0;4;0;9;0;10;0;5;1;5;3;1;0;7;10;0;0;5;3;0;10;3;5;5;8;2;x + 10
795.6;43;22;0;33;0;18;6;19;22;26;0;16;10;37;6;4;6;0;10;40;30;12;31;38;20;34;18;26;x + 42
795.7;13;5;0;3;7;0;1;11;1;6;4;11;6;2;6;8;0;8;6;9;12;0;8;2;7;7;5;1;x + 12
796.1;11;6;8;0;2;1;0;5;7;0;7;9;9;7;0;6;3;0;3;6;7;2;2;9;10;4;5;6;x + 10
796.1;13;[ 10, 5 ];[ 9, 8 ];0;[ 4, 7 ];[ 0, 7 ];[ 10, 9 ];[ 5, 2 ];[ 2, 2 ];[ 3, 7 ];[ 5, 4 ];[ 1, 10 ];[ 3, 1 ];[ 1, 2 ];[ 2, 7 ];[ 0, 8 ];[ 2, 10 ];[ 3, 12 ];[ 11, 11 ];[ 10, 8 ];[ 6, 0 ];[ 0, 5 ];[ 6, 0 ];[ 10, 9 ];[ 3, 9 ];[ 10, 1 ];[ 0, 4 ];[ 10, 4 ];x^2 + 12*x + 2
796.1;23;15;18;0;13;4;12;0;0;19;22;2;14;9;10;15;1;19;12;1;14;15;17;22;1;13;22;6;x + 22
796.1;59;11;3;0;30;5;25;58;40;20;35;25;40;33;27;36;8;45;0;0;29;34;53;7;29;25;6;25;x + 58
796.1;6619;2291;2898;0;2469;2665;76;4465;1794;3169;4969;3672;4227;5020;245;1673;3546;2798;2334;1387;6132;3652;1074;3344;2855;3641;1682;5005;x + 6618
797.2;456737;66947;254671;67755;323871;281479;326651;195302;17562;149088;431837;145735;303957;245906;60876;193858;99577;211174;453783;119699;36537;108207;270146;38200;243946;431703;90722;69726;x + 456736
801.6;17;11;0;12;0;11;14;1;16;15;16;2;16;15;15;8;2;10;3;4;16;12;10;7;5;0;14;14;x + 16
801.6;59;18;0;4;36;37;12;27;1;13;40;46;31;13;36;47;40;7;0;0;52;34;50;29;41;0;32;47;x + 58
801.3;19;0;0;7;13;18;7;5;8;0;13;11;0;1;1;15;11;17;9;17;12;4;17;0;0;9;15;3;x + 18
801.3;19;0;0;14;10;9;11;9;0;11;15;16;0;16;2;14;2;0;17;6;13;7;16;16;0;13;6;6;x + 18
801.3;241;0;0;200;27;135;152;66;65;187;52;52;145;195;127;96;126;24;98;101;18;118;118;52;0;173;57;69;x + 240
801.3;271;0;0;117;84;132;252;142;13;90;203;163;138;236;45;65;180;90;221;158;24;208;220;144;0;3;66;86;x + 270
801.2;139;0;131;59;5;49;45;54;128;116;35;7;2;84;5;125;85;77;80;14;111;86;39;55;46;0;88;75;x + 138
804.3;11;7;0;0;1;4;0;3;9;10;7;8;2;4;6;8;0;3;2;1;0;5;5;4;2;3;5;10;x + 10
804.3;11;9;0;0;3;1;0;10;7;4;6;1;10;2;9;10;6;10;6;10;0;4;3;7;8;8;7;4;x + 10
804.3;29;9;0;0;19;15;8;3;2;23;16;6;17;21;25;18;23;25;0;3;0;23;14;9;7;7;22;12;x + 28
804.1;23;0;4;0;9;6;15;0;0;10;3;19;6;13;3;12;7;4;18;11;0;17;11;13;1;13;8;10;x + 22
804.1;53;0;29;0;25;28;46;6;47;17;15;46;35;35;8;13;0;0;32;39;0;13;2;1;20;41;50;41;x + 52
807.4;11;6;0;6;7;9;0;7;7;10;5;10;6;5;10;2;6;10;2;8;1;0;2;5;3;1;6;10;x + 10
807.4;5209;3663;0;1058;1352;1875;1298;2179;2250;777;5044;146;4286;3627;4660;588;4600;2887;3498;1690;1305;3846;3716;5032;3755;586;590;3430;x + 5208
807.2;3;0;0;[ 2, 0 ];[ 1, 0 ];[ 2, 0 ];[ 0, 1 ];[ 0, 1 ];[ 2, 2 ];[ 2, 1 ];[ 2, 2 ];[ 0, 1 ];[ 0, 1 ];[ 2, 0 ];[ 0, 0 ];[ 0, 2 ];[ 1, 0 ];[ 2, 1 ];[ 1, 2 ];[ 0, 1 ];[ 2, 2 ];[ 2, 2 ];[ 2, 1 ];[ 1, 1 ];[ 2, 0 ];[ 2, 2 ];[ 2, 1 ];[ 2, 2 ];x^2 + 2*x + 2
807.2;23;0;3;11;12;21;8;0;0;21;16;4;16;12;17;10;17;22;3;20;13;0;6;17;17;13;3;22;x + 22
807.2;757;0;47;752;509;11;101;437;242;756;63;301;253;346;42;701;476;329;229;177;660;25;494;325;575;502;586;30;x + 756
815.1;23;12;13;12;0;19;8;0;0;20;12;15;15;21;14;19;9;5;16;16;13;2;17;3;4;11;3;12;x + 22
815.1;139;26;111;71;0;126;118;62;55;38;36;108;18;59;106;115;73;122;93;44;25;75;52;18;102;22;40;18;x + 138
815.1;331;2;29;154;0;12;170;24;219;328;28;260;127;34;18;308;124;118;232;205;75;286;106;177;139;27;135;191;x + 330
815.3;251;190;180;164;131;0;185;40;233;3;20;88;148;245;93;110;146;84;151;95;29;119;10;219;103;37;160;14;x + 250
815.3;3557;475;87;674;1684;0;3364;641;2432;87;3143;387;1849;2979;112;1159;1912;1478;226;2889;2254;3269;3516;1064;2594;1989;881;3106;x + 3556
823.2;2;[ 0, 1, 0, 1, 1, 1, 1, 1, 0 ];[ 1, 0, 1, 0, 0, 0, 1, 1, 1 ];0;[ 0, 0, 0, 0, 0, 0, 0, 0, 0 ];[ 0, 1, 1, 0, 0, 1, 0, 1, 0 ];[ 1, 0, 1, 0, 1, 0, 0, 0, 0 ];[ 1, 1, 1, 1, 1, 0, 1, 1, 1 ];[ 1, 0, 0, 0, 1, 0, 0, 0, 1 ];[ 0, 0, 1, 1, 0, 1, 1, 0, 0 ];[ 0, 0, 0, 0, 0, 0, 0, 0, 0 ];[ 0, 0, 0, 0, 0, 0, 0, 0, 0 ];[ 0, 0, 0, 0, 0, 0, 0, 0, 0 ];[ 0, 0, 0, 0, 0, 0, 0, 0, 0 ];[ 0, 0, 0, 0, 0, 0, 0, 0, 0 ];[ 0, 0, 0, 1, 0, 1, 0, 0, 1 ];[ 0, 0, 0, 0, 0, 0, 0, 0, 0 ];[ 0, 0, 0, 0, 0, 0, 0, 0, 0 ];[ 0, 0, 0, 1, 0, 1, 0, 0, 1 ];[ 0, 0, 0, 0, 0, 0, 0, 0, 0 ];[ 0, 0, 0, 1, 0, 1, 0, 0, 1 ];[ 1, 1, 1, 0, 0, 0, 0, 0, 0 ];[ 1, 1, 1, 0, 0, 0, 0, 0, 0 ];[ 0, 0, 0, 0, 0, 0, 0, 0, 0 ];[ 0, 0, 0, 0, 0, 0, 0, 0, 0 ];[ 0, 0, 0, 0, 0, 0, 0, 0, 0 ];[ 1, 0, 1, 0, 1, 0, 0, 0, 0 ];[ 1, 0, 0, 0, 1, 0, 0, 0, 1 ];x^9 + x^4 + 1
823.2;5;[ 1, 4 ];[ 4, 4 ];[ 1, 2 ];0;0;[ 1, 4 ];[ 3, 3 ];[ 3, 4 ];[ 0, 4 ];[ 3, 1 ];[ 3, 2 ];[ 1, 1 ];[ 0, 0 ];[ 0, 2 ];[ 3, 2 ];[ 4, 0 ];[ 2, 4 ];[ 0, 1 ];[ 4, 2 ];[ 1, 2 ];[ 4, 4 ];[ 1, 3 ];[ 0, 3 ];[ 2, 2 ];[ 2, 2 ];[ 4, 2 ];[ 0, 2 ];x^2 + 4*x + 2
823.2;5;2;4;2;0;0;3;4;2;4;2;3;2;3;3;3;4;1;1;4;2;4;1;0;1;4;2;1;x^2 + 4*x + 2
823.2;31;21;3;12;7;14;4;20;14;0;0;21;4;9;25;18;7;21;26;29;7;11;3;27;26;9;6;10;x + 30
823.2;248179;119006;18579;237932;39326;166762;219001;132985;36222;167781;14410;75423;175994;39295;124855;28293;21026;25633;164234;126197;243846;76003;153981;166227;232447;82324;125144;204296;x + 248178
828.4;13;0;0;0;7;7;7;0;0;9;1;0;0;2;5;1;12;10;9;2;8;11;3;9;4;2;6;7;x + 12
829.1;5;[ 2, 1 ];[ 1, 1 ];[ 4, 2 ];0;0;[ 4, 1 ];[ 4, 0 ];[ 1, 1 ];[ 2, 2 ];[ 1, 1 ];[ 4, 4 ];[ 3, 4 ];[ 3, 1 ];[ 1, 3 ];[ 3, 2 ];[ 2, 2 ];[ 4, 2 ];[ 4, 1 ];[ 4, 2 ];[ 3, 3 ];[ 3, 2 ];[ 4, 4 ];[ 2, 0 ];[ 1, 1 ];[ 2, 0 ];[ 1, 1 ];[ 1, 4 ];x^2 + 4*x + 2
829.1;7;5;1;3;4;0;5;3;3;1;0;2;3;3;6;0;5;3;0;4;2;0;1;2;6;3;6;6;x + 6
829.1;17;2;9;12;3;14;4;13;3;11;11;2;14;1;13;13;2;14;13;12;1;12;13;3;1;5;14;13;x + 16
829.1;101;26;69;40;70;75;29;100;57;85;37;72;42;81;36;57;67;67;21;20;69;34;56;72;5;29;50;23;x + 100
829.1;10169;2743;6177;1345;6228;3408;5814;10126;8267;1088;1533;6562;6165;873;1107;4816;3080;50;318;3446;7224;7377;7116;2239;240;1832;7811;178;x + 10168
837.8;43;0;0;20;17;6;19;10;16;34;0;27;14;41;9;16;30;3;11;20;4;7;20;4;35;3;12;12;x + 42
837.8;47;31;0;16;41;32;17;17;34;0;0;40;14;0;0;1;20;5;11;10;31;18;12;41;3;4;41;22;x + 46
837.2;79;0;21;12;76;60;42;58;27;72;0;37;19;20;22;72;27;7;53;16;45;18;31;23;1;4;2;38;x + 78
839.2;2;[ 0, 0, 1, 1 ];[ 0, 0, 0, 1 ];0;[ 0, 1, 1, 0 ];[ 1, 0, 1, 1 ];[ 1, 0, 1, 0 ];[ 0, 0, 0, 0 ];[ 1, 0, 0, 1 ];[ 0, 1, 1, 1 ];[ 1, 0, 1, 1 ];[ 1, 0, 1, 1 ];[ 1, 1, 0, 1 ];[ 1, 1, 0, 1 ];[ 1, 0, 0, 1 ];[ 0, 0, 0, 1 ];[ 1, 1, 1, 0 ];[ 0, 1, 0, 1 ];[ 0, 0, 0, 1 ];[ 1, 0, 0, 1 ];[ 0, 0, 0, 1 ];[ 0, 1, 0, 0 ];[ 1, 1, 1, 0 ];[ 1, 1, 1, 1 ];[ 1, 1, 1, 1 ];[ 0, 1, 0, 1 ];[ 1, 1, 0, 1 ];[ 0, 1, 0, 0 ];x^4 + x + 1
839.2;11;[ 8, 10 ];[ 6, 8 ];[ 7, 3 ];[ 10, 1 ];[ 0, 3 ];0;[ 10, 7 ];[ 9, 8 ];[ 2, 6 ];[ 4, 10 ];[ 2, 1 ];[ 7, 7 ];[ 9, 5 ];[ 3, 4 ];[ 0, 1 ];[ 3, 9 ];[ 4, 3 ];[ 1, 2 ];[ 10, 0 ];[ 3, 6 ];[ 3, 3 ];[ 10, 3 ];[ 6, 1 ];[ 6, 7 ];[ 1, 1 ];[ 10, 4 ];[ 6, 5 ];x^2 + 7*x + 2
839.2;19;18;17;18;0;7;13;9;6;11;9;14;1;2;9;17;3;17;16;1;1;12;14;2;0;15;1;16;x + 18
839.2;23;12;9;10;6;16;3;0;0;7;20;2;6;20;16;11;20;7;6;4;3;2;14;5;10;4;7;9;x + 22
839.2;89;16;25;88;88;31;59;56;15;49;56;80;44;37;83;21;69;20;13;13;2;53;57;18;0;0;51;85;x + 88
839.2;123091;26661;50205;20046;13075;66835;89246;25242;35820;101608;17688;17248;79899;121976;22243;64401;46909;89955;55221;20252;60078;18988;38206;96424;103173;77892;108788;52396;x + 123090
845.2;11;7;8;5;10;0;0;6;9;2;1;1;2;1;6;7;5;9;1;4;5;0;10;3;10;8;2;6;x + 10
845.2;13;6;0;2;0;0;4;7;9;1;6;10;2;3;5;9;5;0;1;2;4;10;12;6;11;3;10;11;x + 12
845.2;13;9;1;7;0;0;1;11;11;9;6;1;4;0;9;6;6;10;8;4;3;10;1;7;10;2;8;9;x + 12
845.2;229;211;108;13;207;0;106;62;184;110;115;203;217;71;44;170;171;222;105;19;171;156;156;79;19;170;179;128;x + 228
845.2;269;15;187;86;168;0;141;76;261;214;120;149;121;21;262;225;47;153;153;126;99;77;227;195;26;38;216;128;x + 268
848.2;11;6;7;0;5;5;0;7;6;6;7;1;8;8;9;1;1;0;7;8;10;5;6;6;7;3;4;1;x + 10
848.2;19;13;13;0;14;10;5;0;5;4;1;10;3;13;14;2;15;0;9;6;2;6;1;2;1;9;1;12;x + 18
848.2;173;66;4;0;96;10;11;48;168;73;112;154;93;15;169;68;59;0;154;57;1;129;106;104;21;158;13;142;x + 172
851.2;11;10;6;2;10;9;0;0;6;10;10;3;0;2;3;1;1;5;1;9;1;6;0;2;4;9;2;1;x + 10
851.2;13;6;5;12;12;12;3;0;3;11;3;5;0;12;8;12;9;8;1;5;1;9;8;5;10;6;12;9;x + 12
851.2;23;4;20;18;7;4;9;0;0;1;1;5;0;17;10;15;21;10;12;1;4;18;9;16;9;2;19;6;x + 22
851.2;23;4;17;11;9;16;3;0;0;16;6;18;0;7;10;5;6;15;12;6;2;21;11;15;7;4;19;8;x + 22
851.2;37;29;9;19;3;3;16;0;31;32;35;0;0;36;13;33;4;34;17;21;22;19;11;17;13;25;27;21;x + 36
851.2;47;46;44;32;11;35;4;0;29;13;41;2;0;0;0;14;28;43;22;6;17;2;19;43;12;44;10;16;x + 46
851.2;293;90;145;14;177;156;208;0;190;239;0;130;0;63;140;68;201;290;241;235;109;50;38;130;128;161;93;25;x + 292
851.4;11;[ 5, 10 ];[ 5, 9 ];[ 0, 8 ];[ 10, 9 ];[ 4, 9 ];0;[ 7, 9 ];0;[ 1, 10 ];[ 0, 0 ];[ 7, 3 ];0;[ 7, 4 ];[ 6, 4 ];[ 0, 9 ];[ 8, 9 ];[ 1, 10 ];[ 5, 3 ];[ 1, 7 ];[ 2, 4 ];[ 5, 10 ];[ 0, 5 ];[ 4, 8 ];[ 3, 6 ];[ 6, 6 ];[ 8, 6 ];[ 2, 8 ];x^2 + 7*x + 2
851.4;19;18;0;15;12;1;1;13;0;7;10;18;0;13;17;0;13;12;6;13;9;2;6;6;2;1;17;11;x + 18
851.4;12107;10569;1092;6257;8775;4075;6944;3416;0;5190;10060;9532;0;1733;8568;1531;7599;1272;8625;8372;10556;4381;11285;11913;2234;6020;7282;2343;x + 12106
852.4;17;11;0;0;4;1;3;11;7;3;13;14;2;1;14;1;13;3;4;16;10;3;2;0;0;12;16;8;x + 16
852.4;73;50;0;0;45;0;56;59;53;42;70;57;67;1;4;46;59;34;69;31;60;34;29;0;48;47;21;69;x + 72
852.4;79;7;0;0;4;7;2;18;49;50;73;0;31;32;69;11;62;12;19;68;69;60;50;0;69;41;49;56;x + 78
852.2;31;0;21;0;15;25;30;25;11;0;0;20;22;23;10;1;7;30;2;1;5;18;22;0;30;2;29;24;x + 30
852.2;67;0;24;0;34;2;29;4;24;41;61;56;35;30;0;61;52;41;48;29;0;0;42;0;49;31;21;45;x + 66
852.2;83;0;68;0;59;13;0;62;81;4;22;39;23;80;81;22;18;39;33;52;23;55;12;0;62;9;58;48;x + 82
859.1;163;49;4;52;133;138;10;23;145;83;24;11;47;92;125;60;128;16;85;156;159;125;33;144;147;35;153;28;x + 162
859.1;643;508;642;138;446;189;425;566;530;474;103;503;457;114;71;300;98;58;103;253;8;50;421;237;291;260;525;362;x + 642
859.1;1951;99;1851;54;135;1815;1513;112;744;1493;575;1037;659;1870;1822;223;758;1229;1495;213;1883;1590;905;1606;1694;981;4;71;x + 1950
859.1;67493;53955;39187;46423;22418;54981;13151;18651;54757;36858;62622;4074;23357;20226;3888;38407;5639;31545;57762;8004;17101;26262;45358;54438;43932;60497;61086;4733;x + 67492
863.2;11;8;7;5;5;8;0;8;3;4;0;10;3;8;5;9;5;1;8;8;0;9;5;10;7;5;10;3;x + 10
863.2;23;2;13;11;16;22;17;0;0;12;19;17;6;7;3;13;12;7;6;3;18;10;8;11;21;7;3;16;x + 22
863.2;1249;200;691;400;672;51;459;884;667;900;1004;401;1247;302;454;1176;724;1221;605;1165;152;610;1113;1005;1044;808;1059;621;x + 1248
863.2;436687;397385;105503;95665;368090;83292;82214;145412;344631;128386;46570;19151;250404;391066;73891;4633;26088;179636;319548;408346;82677;418818;62594;353905;282256;358913;203296;32104;x + 436686
867.1;3;0;0;[ 0, 2 ];[ 2, 0 ];[ 2, 2 ];[ 0, 2 ];[ 1, 0 ];[ 2, 0 ];[ 0, 0 ];[ 0, 1 ];[ 2, 2 ];[ 2, 0 ];[ 1, 0 ];[ 2, 1 ];[ 1, 2 ];[ 1, 1 ];[ 1, 2 ];[ 1, 1 ];[ 2, 0 ];[ 2, 0 ];[ 0, 1 ];[ 1, 0 ];[ 2, 1 ];[ 2, 0 ];[ 0, 1 ];[ 0, 2 ];[ 1, 1 ];x^2 + 2*x + 2
867.1;43;0;14;36;10;29;18;32;3;41;16;25;28;24;34;22;12;26;11;23;12;16;12;8;13;5;9;23;x + 42
867.1;239;0;4;105;179;58;27;47;163;153;115;86;122;152;37;238;203;82;1;176;216;223;194;130;53;190;76;219;x + 238
873.6;17;13;0;6;11;16;4;16;2;13;2;8;8;6;1;16;5;14;0;2;7;3;10;9;9;4;7;0;x + 16
873.6;19;14;0;0;9;18;5;5;6;16;17;17;15;4;14;1;10;9;0;16;4;1;8;3;0;1;11;0;x + 18
873.4;7;0;0;[ 4, 4 ];[ 0, 5 ];[ 1, 5 ];[ 5, 6 ];[ 3, 2 ];[ 4, 3 ];[ 1, 0 ];[ 0, 5 ];[ 5, 5 ];[ 6, 0 ];[ 2, 5 ];[ 2, 4 ];0;[ 5, 5 ];[ 3, 6 ];[ 4, 2 ];[ 5, 0 ];[ 4, 6 ];[ 5, 4 ];[ 6, 6 ];[ 5, 5 ];[ 1, 4 ];[ 6, 5 ];[ 2, 5 ];0;x^2 + 6*x + 3
873.4;11;0;0;8;6;10;0;9;1;0;3;6;5;10;7;0;9;5;6;8;9;9;1;9;10;4;3;0;x + 10
873.4;17;0;0;10;5;3;10;15;15;2;4;1;7;9;4;4;3;10;3;5;1;15;7;15;2;12;0;0;x + 16
873.2;13;0;5;9;9;4;11;11;8;2;2;1;7;11;5;0;0;1;4;10;7;4;8;7;3;2;0;0;x + 12
873.2;47;0;15;26;2;10;29;42;36;43;3;42;39;0;0;15;5;29;15;25;3;7;33;2;32;44;18;0;x + 46
880.1;3;0;0;0;0;[ 2, 2 ];0;[ 1, 0 ];[ 2, 1 ];[ 0, 1 ];[ 1, 1 ];[ 2, 1 ];[ 2, 1 ];[ 0, 2 ];[ 0, 1 ];[ 2, 1 ];[ 2, 0 ];[ 1, 1 ];[ 1, 1 ];[ 0, 0 ];[ 2, 0 ];[ 2, 2 ];[ 2, 1 ];[ 1, 2 ];[ 0, 1 ];[ 1, 0 ];[ 1, 1 ];[ 1, 0 ];x^2 + 2*x + 2
880.1;181;7;156;0;0;115;0;76;38;154;20;97;63;160;83;80;5;171;37;44;37;163;153;143;86;55;87;71;x + 180
881.1;17;16;5;4;10;3;10;11;12;8;10;8;9;9;16;15;15;15;1;4;4;12;4;7;11;2;8;5;x + 16
881.1;1601;80;962;1298;761;1414;1372;1017;594;510;703;547;701;1143;566;457;437;1300;1534;709;863;240;294;1552;1385;1452;1506;825;x + 1600
881.1;1693;922;875;518;1313;705;574;1269;1378;910;109;1470;141;697;514;1307;716;813;33;1083;683;1285;1038;81;1219;811;1585;349;x + 1692
883.2;7;3;4;6;1;4;2;3;1;5;3;3;0;6;2;0;4;4;4;5;2;0;2;3;3;3;4;5;x + 6
883.2;13;[ 1, 3 ];[ 11, 12 ];[ 4, 3 ];[ 8, 10 ];[ 2, 7 ];[ 8, 7 ];[ 12, 12 ];[ 11, 2 ];[ 3, 2 ];[ 10, 4 ];[ 10, 10 ];[ 2, 12 ];[ 9, 8 ];[ 2, 9 ];[ 3, 5 ];[ 10, 4 ];[ 11, 12 ];[ 12, 10 ];[ 3, 0 ];[ 12, 9 ];[ 9, 7 ];[ 0, 11 ];[ 6, 0 ];[ 0, 9 ];[ 3, 10 ];[ 4, 5 ];[ 7, 5 ];x^2 + 12*x + 2
883.2;199;51;183;148;78;180;69;20;14;148;51;185;24;10;82;164;96;45;47;97;17;116;27;138;66;183;45;197;x + 198
883.2;50109721;39975199;27686690;9225512;31577596;17323003;11497073;47819978;27606477;387148;30654200;18221123;24106880;527476;22947811;15532492;28937670;27987052;49814821;6539667;36321691;32244803;17029065;47600961;37337037;8663261;32623010;49247184;x + 50109720
885.8;11;7;0;7;6;0;0;5;7;10;6;3;10;7;2;1;7;7;2;0;7;10;5;2;10;8;7;1;x + 10
885.8;17;1;0;11;11;0;3;7;14;2;13;2;7;4;14;15;10;7;4;0;6;0;0;7;0;4;16;3;x + 16
885.6;3;0;0;[ 0, 1 ];0;[ 1, 0 ];[ 1, 1 ];[ 1, 1 ];[ 1, 0 ];[ 1, 1 ];[ 2, 1 ];[ 1, 0 ];[ 2, 2 ];[ 2, 2 ];[ 2, 0 ];[ 0, 0 ];[ 0, 2 ];[ 2, 2 ];[ 1, 1 ];0;[ 0, 1 ];[ 1, 1 ];[ 0, 1 ];[ 1, 0 ];[ 1, 2 ];[ 2, 2 ];[ 1, 0 ];[ 2, 1 ];x^2 + 2*x + 2
885.6;53;9;0;38;0;12;28;5;11;30;40;45;38;0;0;8;0;0;23;0;7;50;15;7;3;27;10;15;x + 52
885.6;113;60;0;77;0;100;22;49;95;95;0;19;71;37;94;52;39;61;7;0;71;110;86;44;20;102;14;42;x + 112
885.2;71;0;55;27;0;58;59;64;52;42;45;57;11;54;67;10;36;4;38;0;36;63;0;0;9;23;38;38;x + 70
885.2;229;0;67;102;0;216;37;34;44;175;129;157;23;169;197;135;109;224;112;0;209;43;141;207;73;126;79;21;x + 228
885.5;3;0;0;[ 0, 1, 2 ];0;[ 1, 2, 0 ];[ 2, 0, 2 ];[ 1, 0, 0 ];[ 0, 2, 1 ];[ 2, 2, 1 ];[ 1, 0, 1 ];[ 0, 0, 1 ];[ 2, 0, 1 ];[ 1, 1, 1 ];[ 1, 1, 1 ];[ 1, 1, 1 ];[ 1, 1, 0 ];[ 2, 2, 1 ];0;[ 1, 1, 0 ];[ 1, 1, 1 ];[ 1, 2, 0 ];[ 1, 0, 0 ];[ 0, 0, 2 ];[ 1, 1, 0 ];[ 2, 0, 1 ];[ 1, 2, 1 ];[ 0, 0, 0 ];x^3 + 2*x + 1
885.5;61;36;0;11;0;11;40;25;25;35;57;31;23;3;54;44;58;38;0;5;18;42;3;46;20;40;58;24;x + 60
892.1;17;0;6;0;11;2;11;3;10;9;7;10;13;5;8;7;5;16;11;7;15;11;4;13;16;0;10;15;x + 16
892.1;1499;400;1244;0;1453;73;805;1215;1484;1144;643;799;1354;137;924;1349;710;1255;742;398;1046;192;1102;425;1000;1173;1155;250;x + 1498
892.1;63103;18445;44021;0;57296;21770;59911;40151;58541;16231;20105;26009;49879;8204;50267;9217;4819;45541;8158;33794;48658;37928;47627;57387;36180;26131;13013;12695;x + 63102
895.2;29;7;19;7;0;6;23;12;28;0;9;0;18;20;19;12;28;13;3;2;7;14;8;15;26;23;20;0;x + 28
895.2;22871;15899;14582;13753;0;18309;15812;14798;19253;10398;3830;11593;22396;2345;10905;11958;12537;15675;9548;9268;17503;495;21869;10936;16201;11202;8232;3556;x + 22870
895.2;167663;74648;156566;165082;0;146560;140123;130683;63197;71043;25038;84837;158618;162782;127289;32805;157644;2774;10098;105161;40142;119471;29014;127828;97594;39154;134843;117223;x + 167662
895.4;29;0;13;27;13;0;16;15;21;28;0;26;6;20;25;23;2;3;20;21;24;8;14;17;16;15;7;26;x + 28
895.4;59;39;23;10;8;0;39;43;37;22;14;48;14;0;39;9;19;32;0;0;13;16;37;27;22;57;54;49;x + 58
895.4;179;161;96;95;158;0;53;101;170;156;14;108;42;79;107;135;35;83;10;159;10;91;42;60;97;51;92;95;x + 178
895.4;367;109;352;283;187;0;317;14;275;156;80;130;307;87;27;241;70;121;320;283;122;202;113;99;117;323;8;176;x + 366
905.1;7;0;6;0;0;1;5;3;2;4;2;4;4;4;4;0;0;0;6;1;4;3;4;6;5;1;0;6;x + 6
905.1;101;43;93;85;0;23;20;96;88;23;5;8;55;86;52;1;60;17;96;7;42;97;32;5;90;62;60;99;x + 100
905.1;2767;1216;758;1890;0;1501;1987;413;1220;29;1059;1627;1213;2478;669;1954;709;1888;447;1376;1128;1484;1955;1212;799;2573;265;2008;x + 2766
905.1;694609;237288;632988;30838;0;637432;74420;372756;445000;29055;187703;139387;194351;301115;92207;600179;644375;641966;125906;316832;309967;569;399086;222809;568289;118293;549454;165498;x + 694608
905.3;5;[ 3, 3 ];[ 0, 0 ];[ 0, 2 ];0;0;[ 1, 1 ];[ 0, 1 ];[ 2, 3 ];[ 2, 4 ];[ 1, 0 ];[ 1, 4 ];[ 3, 0 ];[ 2, 1 ];[ 2, 3 ];[ 2, 0 ];[ 3, 2 ];[ 0, 0 ];[ 2, 2 ];[ 3, 2 ];[ 2, 1 ];[ 4, 0 ];[ 0, 0 ];[ 0, 2 ];[ 0, 4 ];[ 2, 0 ];[ 0, 2 ];[ 2, 4 ];x^2 + 4*x + 2
905.3;13;11;11;9;10;0;12;2;2;1;0;9;4;5;2;7;0;6;0;4;4;1;6;0;4;7;10;3;x + 12
905.3;151;28;36;100;138;0;24;101;49;67;94;105;46;100;65;93;119;112;44;24;115;13;7;131;87;66;61;59;x + 150
907.2;19;12;5;18;10;6;8;18;13;2;11;12;5;9;10;0;12;5;1;17;2;8;18;2;17;13;12;9;x + 18
907.2;37;33;6;28;17;9;4;0;15;6;1;0;0;7;5;6;7;25;9;16;6;24;35;33;22;25;13;29;x + 36
907.2;4753627391;482411807;709996027;2286957299;1951496397;2799271211;4246311695;2008402874;250178380;1366900692;1689638661;2978728100;4286118334;2575334905;3047680433;4622073462;4651245677;940195272;1295032838;750060725;548309731;129222926;3898800427;1866951600;3434208684;533106286;1292146274;2607127844;x + 4753627390
911.1;853;485;703;277;549;831;18;217;714;42;451;464;314;652;111;400;622;735;751;709;757;175;618;26;602;481;327;339;x + 852
911.1;8053;3901;5265;6382;7279;3895;1504;8030;1211;1478;4184;7435;3424;7267;6174;5862;6904;7713;6350;8036;6461;2288;5970;4899;3056;5033;7286;3674;x + 8052
911.1;2673247021;2578208112;644853227;720929695;1777132597;93157960;214174639;1737735373;390265453;474675632;435562599;1032606719;2143531850;2345696096;1063810844;1529036203;455083155;109867495;1936699954;2115333334;1674589816;1311883103;714472657;1073586844;194464213;2244159556;2604260468;1271308447;x + 2673247020
916.1;23;12;2;0;7;9;20;0;0;7;14;4;1;20;8;15;20;16;17;3;15;11;14;17;6;11;9;12;x + 22
916.1;131;109;59;0;5;115;96;46;47;81;129;14;81;40;37;98;31;107;68;43;0;21;114;67;28;65;105;4;x + 130
916.1;479;342;470;0;302;465;335;457;284;386;192;372;106;302;393;203;465;397;253;137;324;154;297;99;393;104;36;67;x + 478
916.1;1279;1011;661;0;1016;822;223;767;468;88;501;395;908;759;790;349;304;940;204;87;620;148;404;489;992;900;850;804;x + 1278
925.3;3;0;0;[ 1, 2 ];0;0;[ 1, 0 ];[ 1, 2 ];[ 1, 2 ];[ 2, 0 ];[ 1, 2 ];0;[ 1, 0 ];[ 0, 2 ];[ 1, 2 ];[ 0, 2 ];[ 0, 0 ];[ 2, 0 ];[ 1, 1 ];[ 0, 2 ];[ 0, 2 ];[ 1, 0 ];[ 0, 2 ];[ 1, 1 ];[ 1, 1 ];[ 0, 2 ];[ 0, 1 ];[ 1, 1 ];x^2 + 2*x + 2
925.2;17;10;11;0;0;3;3;7;13;15;13;0;0;4;9;16;6;14;8;1;15;13;8;5;9;1;6;2;x + 16
925.2;17;10;6;0;0;14;14;10;13;2;4;0;0;4;8;1;6;3;8;1;2;13;8;5;8;16;11;2;x + 16
925.2;19;4;15;14;0;13;7;14;5;6;6;0;0;10;9;7;16;3;3;3;8;11;15;15;5;5;16;3;x + 18
927.5;61;16;0;56;27;36;38;53;32;20;31;3;28;15;59;16;58;19;35;10;45;1;1;55;30;45;0;30;x + 60
927.5;71;10;0;40;47;41;63;4;34;8;57;16;57;45;12;51;35;49;32;54;61;68;0;0;28;54;7;54;x + 70
927.5;113;35;0;93;7;29;100;108;0;68;45;50;32;8;30;46;84;102;105;2;38;84;12;74;66;98;33;90;x + 112
927.6;5;[ 3, 3 ];0;[ 0, 4 ];0;0;[ 1, 4 ];[ 3, 0 ];[ 4, 4 ];[ 1, 4 ];[ 0, 1 ];[ 4, 4 ];[ 1, 4 ];[ 4, 4 ];[ 4, 3 ];[ 4, 0 ];[ 3, 1 ];[ 4, 4 ];[ 0, 4 ];[ 1, 0 ];[ 3, 0 ];[ 3, 2 ];[ 4, 3 ];[ 3, 1 ];[ 1, 4 ];[ 0, 1 ];[ 4, 2 ];[ 1, 3 ];x^2 + 4*x + 2
927.6;7;5;0;3;2;3;4;4;3;3;3;4;1;1;2;0;1;2;6;0;5;6;1;0;6;3;6;5;x + 6
927.6;71;7;0;40;30;24;8;37;67;57;8;57;16;59;26;51;22;36;17;39;68;61;0;0;17;43;54;7;x + 70
927.6;179;159;0;74;150;84;162;96;16;152;57;71;58;139;81;21;77;93;117;107;9;53;89;124;71;124;58;155;x + 178
929.1;89;56;26;71;17;83;74;66;85;80;27;45;72;7;24;45;38;36;53;30;28;39;13;6;0;0;31;23;x + 88
929.1;461;26;52;269;457;176;132;428;35;365;101;298;414;401;7;281;129;33;2;361;143;32;262;140;350;376;198;329;x + 460
929.1;133982963;5133765;128867982;10197108;17088938;76019752;111894171;30580631;112161851;47326113;131137743;76918936;42624756;125510299;116588799;64594004;109006118;39613336;122648121;7422229;25464299;96141833;117927471;83810191;33173515;24061667;101990378;28380675;x + 133982962
933.3;277;77;0;63;169;114;15;220;138;259;25;259;83;12;109;48;216;223;241;207;162;127;236;238;229;165;8;123;x + 276
933.3;1699;186;0;1411;482;1657;814;1289;721;835;845;1466;1132;384;1581;364;805;702;1329;541;481;841;726;490;640;124;576;1148;x + 1698
933.1;29;0;24;5;0;13;20;2;20;14;12;15;22;14;22;8;27;0;14;4;2;14;22;7;4;6;2;1;x + 28
933.1;113;0;69;90;60;97;21;71;35;86;92;41;110;80;3;90;99;4;3;86;42;75;112;106;70;33;57;18;x + 112
933.1;521;0;300;200;341;128;404;441;238;350;84;170;281;222;343;479;215;296;498;457;386;178;405;50;55;443;153;73;x + 520
939.3;7;1;0;2;1;4;6;0;4;0;5;3;3;3;2;0;4;0;3;1;2;1;2;3;3;4;5;3;x + 6
939.3;37;25;0;25;24;21;36;26;34;33;19;0;0;3;31;17;24;5;9;35;28;27;30;10;33;26;25;12;x + 36
939.3;12697;8536;0;5176;2977;51;6163;902;20;11511;12182;12076;909;2304;6320;3291;9656;10008;10216;3470;2441;10563;5669;8074;4736;8512;8076;5999;x + 12696
939.3;42451;19695;0;28217;37988;19521;1157;29382;19626;32533;39100;9928;7123;34361;15202;12037;2428;27902;647;18699;28581;22897;30555;11922;12456;34311;13776;5872;x + 42450
939.1;211;0;44;45;170;119;147;77;166;139;31;162;110;23;139;140;127;128;11;196;121;169;201;173;192;35;169;34;x + 210
940.2;7;1;0;0;0;6;4;1;2;5;6;1;3;5;0;0;4;6;2;3;3;4;0;1;4;0;2;3;x + 6
940.2;41;20;9;0;0;14;38;22;24;31;36;4;12;26;0;3;16;22;3;25;30;6;31;37;15;21;1;28;x + 40
940.2;47;28;38;0;0;10;25;3;16;19;18;34;41;0;0;20;29;27;0;23;41;30;33;31;31;24;12;10;x + 46
940.2;109;78;90;0;0;73;82;47;25;10;71;88;75;1;0;4;85;32;38;78;81;73;88;53;7;12;71;18;x + 108
940.4;19;6;5;0;2;0;11;6;12;1;13;5;17;9;0;15;4;3;11;4;15;11;18;9;10;14;15;0;x + 18
944.1;29;23;5;0;28;15;15;22;21;8;22;12;9;15;24;10;17;3;0;2;28;26;3;23;22;21;19;26;x + 28
944.1;811;634;106;0;456;380;317;248;747;779;541;591;425;497;133;693;596;632;0;733;19;792;144;191;660;188;120;436;x + 810
944.1;929;697;208;0;785;287;438;505;882;347;784;355;803;38;621;492;457;491;0;28;130;383;912;65;602;240;150;747;x + 928
947.1;3;0;0;[ 0, 2 ];[ 2, 0 ];[ 0, 2 ];[ 1, 2 ];[ 1, 0 ];[ 2, 1 ];[ 1, 0 ];[ 1, 0 ];[ 1, 0 ];[ 0, 2 ];[ 2, 1 ];[ 0, 0 ];[ 0, 0 ];[ 0, 1 ];[ 0, 0 ];[ 1, 1 ];[ 0, 0 ];[ 2, 2 ];[ 1, 2 ];[ 2, 1 ];[ 0, 1 ];[ 0, 0 ];[ 2, 0 ];[ 0, 1 ];[ 2, 1 ];x^2 + 2*x + 2
947.1;29;[ 5, 12 ];[ 6, 13 ];[ 15, 19 ];[ 2, 28 ];[ 2, 28 ];[ 18, 28 ];[ 13, 13 ];[ 15, 24 ];[ 5, 4 ];[ 17, 12 ];[ 25, 16 ];[ 19, 19 ];[ 20, 23 ];[ 10, 15 ];[ 1, 9 ];[ 9, 26 ];[ 23, 28 ];[ 3, 12 ];[ 25, 12 ];[ 23, 19 ];[ 21, 20 ];[ 20, 14 ];[ 24, 20 ];[ 4, 12 ];[ 13, 21 ];[ 8, 11 ];[ 15, 7 ];x^2 + 24*x + 2
947.1;8161;2280;6698;937;4674;3673;5062;7105;7258;3217;5930;7056;5870;4421;7994;7465;7584;6057;3544;6010;7833;5048;960;5618;5087;3595;2215;6413;x + 8160
947.1;43607;33176;32690;25591;39472;31767;33043;38659;38329;34789;35670;30722;6500;26857;6705;23062;9632;22044;13380;5312;23284;11424;41767;33566;14185;35627;27945;16968;x + 43606
951.4;31;[ 19, 25 ];0;[ 23, 17 ];[ 19, 3 ];[ 15, 4 ];[ 18, 9 ];[ 5, 9 ];[ 21, 8 ];0;0;[ 11, 12 ];[ 22, 11 ];[ 14, 12 ];[ 19, 11 ];[ 13, 19 ];[ 1, 8 ];[ 3, 29 ];[ 10, 14 ];[ 29, 7 ];[ 12, 4 ];[ 28, 20 ];[ 9, 24 ];[ 27, 12 ];[ 8, 27 ];[ 8, 1 ];[ 17, 27 ];[ 5, 6 ];x^2 + 29*x + 3
951.4;67;46;0;11;7;41;24;53;22;25;17;11;57;58;41;56;61;34;34;37;0;0;60;61;54;10;52;65;x + 66
951.4;179;152;0;0;88;109;45;92;31;175;159;161;67;88;7;145;47;134;58;173;39;93;54;94;82;91;151;124;x + 178
951.4;2293;1656;0;115;310;260;874;1298;1429;1421;659;1144;304;635;614;2193;2205;2118;811;1779;1224;248;863;647;1934;2146;183;468;x + 2292
951.2;5;0;0;2;0;0;0;1;4;4;3;2;2;1;2;0;1;2;1;3;3;0;0;2;4;0;4;4;x + 4
951.2;401;0;301;10;229;139;6;334;60;76;282;350;247;13;3;319;30;97;144;314;123;202;291;54;388;152;179;48;x + 400
951.2;1218263;0;966450;1080060;72834;646171;136054;749115;1037534;1056846;757776;639491;1011395;450256;951134;114050;959475;178089;36429;71307;832137;1138032;478940;240612;1173113;280711;466228;643312;x + 1218262
955.4;3;0;0;[ 0, 1 ];[ 0, 0 ];0;[ 0, 1 ];[ 1, 2 ];[ 1, 1 ];[ 1, 0 ];[ 0, 2 ];[ 0, 1 ];[ 2, 0 ];[ 1, 1 ];[ 0, 2 ];[ 2, 2 ];[ 1, 0 ];[ 1, 1 ];[ 1, 0 ];[ 1, 0 ];[ 1, 0 ];[ 2, 2 ];[ 0, 0 ];[ 1, 1 ];[ 1, 0 ];[ 0, 2 ];[ 1, 1 ];[ 1, 0 ];x^2 + 2*x + 2
955.4;31;11;7;0;27;0;27;19;15;0;0;17;7;7;8;10;4;3;23;18;16;3;9;22;1;17;23;0;x + 30
955.4;101;95;25;9;27;0;88;87;20;17;20;39;62;90;82;23;2;12;85;23;94;71;24;86;74;84;96;55;x + 100
955.4;9029;4811;3574;1181;6806;0;2958;3309;3402;1375;5227;8368;57;668;4742;4101;7712;8407;4168;1829;1739;6981;307;3803;3926;1175;8479;1638;x + 9028
955.3;89;88;4;80;80;0;28;29;66;25;23;50;41;25;8;45;80;7;12;1;28;59;71;57;0;0;21;87;x + 88
955.3;1583;1055;1273;208;878;0;1445;1359;1463;289;762;819;328;424;286;615;1191;8;634;885;1063;614;380;888;854;1065;799;733;x^2 + 1581*x + 5
955.3;23197;22352;10625;22251;21678;0;8904;9419;9094;14029;19534;1983;4968;10056;3195;17973;16330;20913;18685;16606;17977;19022;16023;20483;5497;1947;10326;7213;x^2 + 23196*x + 2
961.2;83207;25123;64254;79257;42081;40975;2508;61903;6577;0;0;1401;1967;20110;65199;62555;29899;24067;11637;10758;10343;27776;12968;75945;58395;24411;81532;72468;x^2 + 83199*x + 5
961.1;29;18;12;5;19;17;22;12;11;0;8;27;12;16;3;13;23;14;24;22;17;14;3;20;3;0;19;27;x + 28
971.2;19;5;4;0;11;13;14;12;14;0;8;6;16;6;9;5;6;1;10;14;1;7;5;5;4;10;18;13;x + 18
971.2;23;11;4;6;17;4;3;0;0;12;22;8;15;6;0;1;19;17;5;0;6;14;0;0;5;4;13;0;x + 22
971.2;41;35;24;37;14;31;4;10;17;10;10;34;13;21;4;7;40;24;11;32;40;36;20;9;27;19;20;36;x + 40
971.2;101;77;4;44;99;76;76;50;39;34;98;71;13;93;59;87;12;88;46;58;16;80;69;81;34;31;91;67;x + 100
971.2;157;145;153;122;37;149;27;108;9;20;121;46;56;14;62;59;37;37;26;65;2;134;99;10;49;95;93;81;x + 156
971.2;229;96;225;175;122;26;75;208;111;86;26;135;147;154;40;64;86;103;212;197;92;74;44;115;222;4;197;111;x + 228
971.2;233;66;25;114;203;68;181;218;79;215;86;197;56;135;231;175;24;2;5;147;182;230;165;57;56;111;89;232;x + 232
972.5;11;0;0;0;1;2;0;0;1;2;6;7;6;9;9;6;4;3;0;4;0;3;8;7;2;7;9;6;x + 10
972.6;2;[ 0, 0, 1 ];0;0;[ 0, 1, 1 ];[ 0, 0, 0 ];[ 0, 0, 0 ];[ 1, 0, 0 ];[ 0, 1, 0 ];[ 0, 0, 0 ];[ 0, 1, 1 ];[ 0, 0, 1 ];[ 1, 0, 0 ];[ 0, 0, 0 ];[ 0, 0, 0 ];[ 0, 0, 0 ];[ 0, 0, 0 ];[ 0, 1, 0 ];[ 0, 0, 0 ];[ 0, 0, 0 ];[ 0, 1, 0 ];[ 0, 0, 0 ];[ 0, 0, 0 ];[ 0, 0, 0 ];[ 0, 0, 0 ];[ 1, 0, 0 ];[ 0, 0, 0 ];[ 0, 0, 0 ];x^3 + x + 1
977.2;22291;12043;1420;17163;2211;372;16465;13195;5929;21094;16952;3343;994;19008;3622;15352;11558;3862;13547;5835;1585;10857;6228;16111;15888;14514;19988;283;x + 22290
977.2;6843040679;303603384;2966257861;412135690;3664842408;6577808488;3341333476;6803538640;5443105239;6793717999;3391494582;4803597512;5411952936;1484230617;4420322228;1233887084;2884154264;5991429461;4781392205;4171963889;2024902177;4008020449;3575334046;4409223813;6352616065;918873862;4951985904;419752076;x + 6843040678
979.1;19;1;14;4;6;12;0;3;15;5;18;5;5;7;17;2;5;18;6;10;5;7;6;2;0;11;16;9;x + 18
979.1;41;25;39;6;12;37;0;5;12;13;7;40;12;6;0;24;33;15;32;14;39;36;39;4;0;5;28;28;x + 40
979.1;61;59;20;24;35;6;0;20;42;16;2;26;0;46;18;41;50;55;56;40;13;9;34;34;0;59;53;58;x + 60
980.2;7;[ 4, 2 ];[ 1, 2 ];0;[ 1, 2 ];0;[ 3, 6 ];[ 3, 4 ];[ 0, 5 ];[ 6, 4 ];[ 2, 5 ];[ 3, 3 ];[ 3, 5 ];[ 6, 4 ];[ 4, 1 ];0;[ 2, 0 ];[ 6, 5 ];[ 1, 4 ];[ 0, 2 ];[ 1, 5 ];[ 0, 4 ];[ 4, 2 ];[ 2, 0 ];[ 4, 3 ];[ 2, 3 ];[ 3, 2 ];[ 5, 3 ];x^2 + 6*x + 3
980.2;7;2;1;0;6;0;3;0;2;6;0;4;2;0;1;0;0;5;0;0;1;2;2;4;5;4;0;2;x^2 + 6*x + 3
980.2;41;10;13;0;5;0;18;13;18;22;26;14;4;40;39;0;35;31;34;5;40;37;36;24;30;18;5;7;x + 40
980.2;103;81;5;0;77;0;8;1;46;42;70;86;88;86;2;0;41;66;7;20;69;88;34;99;51;60;83;4;x + 102
983.1;2;[ 1, 0, 1, 0, 0 ];[ 0, 0, 0, 0, 0 ];0;[ 0, 0, 0, 0, 0 ];[ 1, 1, 0, 0, 0 ];[ 0, 1, 0, 1, 1 ];[ 1, 0, 0, 0, 1 ];[ 0, 0, 0, 0, 0 ];[ 0, 0, 0, 0, 0 ];[ 0, 0, 1, 1, 0 ];[ 0, 0, 1, 1, 0 ];[ 1, 0, 0, 0, 1 ];[ 1, 0, 0, 0, 1 ];[ 0, 0, 0, 0, 0 ];[ 0, 0, 0, 0, 0 ];[ 0, 0, 1, 1, 0 ];[ 0, 1, 0, 1, 1 ];[ 1, 1, 0, 0, 0 ];[ 0, 0, 0, 0, 0 ];[ 0, 0, 0, 0, 0 ];[ 0, 0, 1, 1, 0 ];[ 1, 0, 1, 0, 0 ];[ 1, 1, 0, 0, 0 ];[ 0, 0, 1, 1, 0 ];[ 1, 1, 0, 0, 0 ];[ 0, 0, 0, 0, 0 ];[ 1, 0, 1, 0, 0 ];x^5 + x^2 + 1
983.1;23;21;13;8;3;6;3;0;0;14;18;3;14;0;4;14;11;19;19;20;6;20;10;22;12;18;15;7;x + 22
983.1;29;26;14;23;18;4;14;5;28;26;9;27;8;18;10;18;18;12;23;6;5;13;9;24;6;10;19;28;x + 28
983.1;9883;1336;8872;9055;753;1886;2499;66;9062;1721;9317;6395;6749;9666;4112;4280;8835;5000;2633;5176;3040;4740;5780;417;6099;7146;5374;9840;x + 9882
983.1;3421669;1174532;3129293;773240;2272558;1535481;1050390;1744087;3039137;3256836;28513;2347299;3222257;2617293;696855;2941314;3066600;700435;1248508;1199587;612197;1509445;2193932;643172;2131047;2178116;2258366;1765776;x + 3421668
991.2;3;0;0;[ 0, 1 ];[ 2, 2 ];[ 2, 0 ];[ 0, 2 ];[ 1, 0 ];[ 2, 0 ];[ 2, 2 ];[ 1, 1 ];[ 0, 1 ];[ 0, 1 ];[ 0, 2 ];[ 1, 0 ];[ 2, 1 ];[ 2, 2 ];[ 0, 0 ];[ 1, 1 ];[ 1, 1 ];[ 0, 1 ];[ 2, 0 ];[ 1, 1 ];[ 2, 1 ];[ 0, 1 ];[ 2, 0 ];[ 2, 2 ];[ 1, 1 ];x^2 + 2*x + 2
991.2;11;7;7;3;10;7;0;7;10;10;4;3;4;6;10;4;4;6;10;5;5;3;3;6;6;5;8;9;x + 10
991.2;17;6;2;0;5;5;12;4;0;6;14;1;16;6;7;1;3;6;16;16;15;13;14;8;4;3;0;10;x + 16
991.2;241;46;239;60;32;201;52;10;165;141;3;138;41;222;120;234;157;81;56;235;43;15;200;219;119;7;72;205;x + 240
991.2;173088919;35218818;9825088;152864849;152972158;108194913;106632684;9348846;51140277;44311005;124610658;129903864;136276853;149004297;117255438;157563711;59973537;104411516;147424685;94904365;152172270;126682618;97188023;113235379;86685000;117076085;169362293;71297346;x + 173088918
993.4;5;1;0;0;0;0;0;0;4;0;4;0;4;0;3;1;1;4;4;2;4;3;0;3;4;3;2;0;x + 4
993.4;79;19;0;16;70;54;74;74;34;64;38;15;64;32;15;72;61;18;1;18;24;47;55;21;31;16;37;32;x + 78
993.4;421;332;0;216;78;408;381;101;369;189;70;113;157;374;42;122;56;199;123;296;222;273;278;68;373;169;377;39;x + 420
993.4;6967;50;0;3153;644;6539;1236;5993;5147;3787;1801;4771;2720;4553;5029;4014;1871;1018;4447;5885;2564;4925;4761;3187;3012;898;5193;224;x + 6966
993.2;11;0;8;8;8;5;0;2;2;0;0;4;10;8;9;2;10;2;6;6;7;8;1;1;9;6;6;6;x + 10
993.2;17;0;7;10;3;2;4;11;9;15;8;13;0;0;14;10;7;8;6;16;10;12;11;16;10;2;8;15;x + 16
993.2;73;0;43;23;66;36;60;9;3;42;34;41;46;64;66;45;44;15;53;2;35;12;20;49;68;10;22;22;x + 72
993.2;89;0;42;52;5;61;8;42;86;84;45;55;43;57;64;28;73;12;0;64;33;28;31;3;0;0;14;73;x + 88
993.2;1049;0;716;84;500;526;404;491;436;130;201;885;557;132;341;795;529;398;747;333;319;690;823;385;512;506;555;250;x + 1048
995.3;373;206;43;249;241;0;75;267;78;186;143;254;292;85;71;19;90;167;213;160;187;241;265;292;114;17;135;180;x + 372
995.3;509;167;19;201;10;0;334;51;352;438;318;257;310;315;429;58;437;426;447;288;87;256;380;76;415;87;424;142;x + 508
995.3;337097;230788;87033;321424;315198;0;333067;336244;153695;314677;217590;115393;336525;43315;104389;166099;58487;220804;279259;93778;316906;131475;282365;138347;34722;153544;127784;260303;x + 337096
995.1;3;0;0;[ 2, 2 ];0;[ 0, 2 ];[ 1, 2 ];[ 2, 1 ];[ 2, 1 ];[ 2, 2 ];[ 0, 0 ];[ 2, 0 ];[ 1, 0 ];[ 1, 0 ];[ 0, 2 ];[ 0, 0 ];[ 1, 2 ];[ 0, 2 ];[ 2, 2 ];[ 2, 0 ];[ 0, 1 ];[ 2, 1 ];[ 1, 2 ];[ 2, 2 ];[ 0, 0 ];[ 2, 1 ];[ 1, 0 ];[ 0, 2 ];x^2 + 2*x + 2
995.1;7;0;5;4;0;3;5;2;1;3;4;3;0;4;3;0;6;0;5;0;3;3;6;6;5;2;1;3;x + 6
995.1;181;26;100;3;0;92;33;51;151;80;169;153;14;174;128;49;150;73;144;66;75;38;47;112;32;137;3;5;x + 180
995.1;829;176;77;78;0;460;389;88;817;78;757;209;570;86;512;421;271;190;73;598;82;236;24;258;100;398;749;361;x + 828
995.1;1531;1247;1078;195;0;1213;650;306;70;307;573;336;465;301;1450;863;872;801;1212;720;1029;613;699;869;1094;518;990;894;x + 1530
999.2;29;0;22;5;8;26;16;26;19;24;8;8;0;4;1;7;5;13;13;4;17;13;16;9;11;3;3;23;x + 28
999.2;37;0;11;23;5;9;2;19;10;35;23;0;0;13;19;23;10;32;12;17;10;30;6;34;20;17;7;29;x^2 + 33*x + 2
999.2;61;0;34;13;20;35;51;42;47;15;30;43;0;2;57;4;52;58;27;17;16;37;50;34;55;29;18;44;x + 60
999.1;17;0;12;0;7;11;12;13;6;5;15;0;16;4;7;0;4;2;1;6;10;11;16;5;6;12;3;7;x + 16
999.1;19;0;13;15;18;15;17;15;16;10;5;0;13;18;18;15;12;1;11;6;7;3;13;5;3;6;9;11;x + 18
999.1;29;0;3;9;25;6;4;11;24;20;7;0;12;12;22;7;11;1;12;21;12;8;16;15;16;16;25;8;x + 28
999.1;61;0;4;34;45;60;31;16;28;44;54;0;56;36;3;13;59;1;40;14;22;20;38;28;7;17;16;33;x + 60