level;p;3.1;4.1;7.1;7.2;13.1;13.2;19.1;19.2;25.1;31.1;31.2;37.1;37.2;43.1;43.2;61.1;61.2;67.1;67.2;73.1;73.2;79.1;79.2;97.1;97.2;Coeff_minpoly
103.1;2;1;0;1;0;1;1;1;0;0;0;0;0;1;1;0;0;0;0;0;0;0;0;1;1;1;x + 1
133.2;3;0;1;0;0;1;1;1;0;2;0;0;1;2;1;0;0;2;1;0;0;1;1;1;0;1;x + 2
157.2;2;[ 0, 1 ];0;[ 0, 0 ];[ 1, 1 ];[ 1, 1 ];[ 0, 1 ];[ 0, 0 ];[ 0, 0 ];[ 0, 0 ];[ 0, 0 ];[ 0, 0 ];[ 0, 0 ];[ 0, 0 ];[ 0, 1 ];[ 0, 0 ];[ 0, 0 ];[ 0, 1 ];[ 1, 1 ];[ 1, 1 ];[ 0, 0 ];[ 0, 1 ];[ 0, 0 ];[ 0, 1 ];[ 0, 1 ];[ 0, 0 ];x^2 + x + 1
217.3;5;2;0;0;0;2;1;1;4;0;0;2;1;4;0;3;3;0;3;4;1;0;4;0;4;3;x + 4
237.1;5;0;3;2;3;4;3;4;2;0;0;1;3;0;1;3;0;1;1;2;0;0;0;0;2;4;x + 4
241.2;2;0;0;1;0;0;1;1;0;1;0;1;1;0;0;0;0;0;0;0;1;0;0;0;0;0;x + 1
259.4;5;2;1;2;0;1;2;0;1;0;3;4;0;0;1;2;1;0;4;2;4;1;2;3;3;2;x + 4
277.1;17;5;8;5;1;6;11;9;1;11;9;15;8;15;5;6;6;13;13;14;0;3;8;13;10;5;x + 16
279.1;3;0;0;2;1;0;2;1;0;1;0;1;2;0;2;1;1;2;1;0;0;1;1;2;0;0;x + 2
289.1;2;0;0;0;0;1;1;1;1;1;0;0;0;0;1;1;0;0;0;0;0;0;0;0;0;0;x + 1
349.2;7;5;5;0;0;0;2;3;1;0;6;3;0;6;3;3;5;4;2;0;4;3;3;6;1;1;x + 6
367.2;2;[ 0, 1 ];0;[ 0, 0 ];[ 1, 1 ];[ 0, 1 ];[ 1, 1 ];[ 1, 1 ];[ 0, 1 ];[ 0, 0 ];[ 0, 1 ];[ 0, 0 ];[ 1, 1 ];[ 0, 1 ];[ 0, 0 ];[ 0, 0 ];[ 0, 0 ];[ 0, 0 ];[ 1, 1 ];[ 0, 0 ];[ 0, 0 ];[ 0, 0 ];[ 0, 0 ];[ 0, 0 ];[ 0, 0 ];[ 0, 1 ];x^2 + x + 1
373.2;2;[ 0, 1 ];0;[ 0, 1 ];[ 1, 1 ];[ 0, 0 ];[ 0, 0 ];[ 0, 0 ];[ 0, 0 ];[ 0, 0 ];[ 1, 1 ];[ 1, 1 ];[ 0, 0 ];[ 0, 0 ];[ 1, 1 ];[ 0, 0 ];[ 0, 0 ];[ 0, 1 ];[ 0, 1 ];[ 0, 0 ];[ 0, 0 ];[ 0, 0 ];[ 0, 1 ];[ 0, 0 ];[ 0, 0 ];[ 1, 1 ];x^2 + x + 1
381.2;17;0;12;1;2;0;2;12;1;5;7;16;8;8;16;11;14;7;15;7;1;4;9;13;5;10;x + 16
388.2;3;0;0;2;2;2;0;1;0;2;2;1;0;2;0;0;1;2;2;1;0;1;0;2;0;0;x + 2
397.2;5;4;2;2;0;2;2;0;2;0;3;4;3;0;3;1;3;3;4;0;1;0;4;2;3;3;x + 4
403.2;3;0;2;2;0;0;1;0;1;0;0;0;1;2;1;0;2;2;2;0;2;1;1;1;0;0;x + 2
421.2;7;4;4;0;0;1;1;5;2;6;1;2;4;5;1;3;2;6;5;3;0;4;3;3;6;5;x + 6
439.2;2;0;0;0;1;1;1;1;0;1;1;1;0;1;0;0;1;0;0;1;0;0;1;0;0;0;x + 1
444.1;3;0;0;1;2;1;0;1;0;1;1;1;0;0;1;2;2;1;1;1;2;1;1;1;1;0;x + 2
468.1;3;0;0;1;0;0;2;2;0;1;0;2;0;1;0;2;2;0;0;2;2;2;0;1;1;0;x + 2
469.3;2;[ 0, 1 ];0;[ 0, 0 ];0;[ 1, 1 ];[ 1, 1 ];[ 0, 1 ];[ 0, 0 ];[ 0, 1 ];[ 0, 0 ];[ 0, 0 ];[ 1, 1 ];[ 0, 1 ];[ 0, 0 ];[ 1, 1 ];[ 0, 0 ];[ 0, 0 ];0;[ 0, 0 ];[ 0, 0 ];[ 0, 1 ];[ 0, 0 ];[ 1, 1 ];[ 0, 0 ];[ 0, 0 ];x^2 + x + 1
469.4;3;0;1;1;0;2;1;1;0;2;1;2;1;0;2;1;1;0;1;0;2;2;1;0;1;1;x + 2
489.2;2;0;0;1;0;0;1;0;1;1;1;0;1;0;0;0;0;0;0;1;0;0;0;0;0;0;x + 1
508.2;5;1;0;1;2;0;2;0;1;0;2;4;3;3;4;4;2;2;3;2;4;4;2;1;3;0;x + 4
511.2;3;0;[ 0, 0 ];0;[ 0, 1 ];[ 1, 2 ];[ 1, 2 ];[ 0, 2 ];[ 1, 2 ];[ 2, 2 ];[ 0, 2 ];[ 2, 2 ];[ 2, 1 ];[ 2, 2 ];[ 1, 1 ];[ 1, 1 ];[ 1, 1 ];[ 2, 2 ];[ 2, 1 ];[ 1, 2 ];[ 0, 0 ];0;[ 1, 2 ];[ 2, 1 ];[ 2, 2 ];[ 2, 2 ];x^2 + 2*x + 2
523.1;2;0;0;0;1;1;1;1;0;0;0;1;1;0;1;0;1;0;1;0;1;0;0;0;0;1;x + 1
523.1;3;0;0;1;0;2;1;0;1;2;1;0;1;1;2;0;2;0;1;1;2;2;1;0;0;2;x + 2
547.2;2;1;0;1;1;0;1;0;0;0;0;0;0;1;0;0;0;1;1;0;0;0;1;1;1;1;x + 1
549.2;5;0;3;4;4;4;1;4;3;0;0;3;0;2;4;3;0;0;3;1;4;4;4;2;3;3;x + 4
553.4;3;0;0;1;0;1;1;2;1;1;0;0;2;1;2;2;1;2;1;1;1;0;2;0;1;0;x + 2
577.2;3;0;2;0;1;1;1;1;0;1;2;0;2;1;0;1;1;2;2;2;2;2;1;0;2;1;x + 2
588.1;3;0;0;0;2;2;1;0;0;1;1;0;2;2;0;1;2;0;0;1;2;2;2;2;1;1;x + 2
589.3;7;6;5;0;0;1;3;2;0;1;0;5;2;4;3;5;6;6;2;1;3;6;4;0;5;4;x + 6
597.2;7;0;0;0;0;3;3;3;6;6;4;5;6;3;3;6;0;0;0;5;0;1;3;0;3;1;x + 6
604.1;13;6;0;5;12;0;0;11;12;10;8;1;5;7;9;2;6;12;5;11;7;12;9;6;12;10;x + 12
607.2;31;16;9;13;4;17;2;22;3;22;0;0;19;21;20;29;8;12;6;20;25;15;21;26;14;7;x + 30
613.2;13;3;7;6;6;0;0;12;6;4;9;11;0;5;0;6;10;3;6;10;7;5;1;12;8;1;x + 12
619.2;29;24;11;10;2;20;9;24;16;16;10;4;12;14;27;0;21;27;10;21;9;16;10;6;23;12;x + 28
631.2;5;1;1;3;4;4;3;2;0;0;0;0;2;4;4;3;2;4;1;3;1;4;0;4;3;0;x + 4
637.6;5;4;2;1;0;1;0;3;4;0;2;0;3;4;4;4;0;0;0;3;3;0;1;3;1;2;x + 4
643.1;5;4;2;2;4;1;4;3;1;0;1;3;2;4;1;0;3;2;2;2;0;0;0;1;2;3;x + 4
652.1;2;1;0;0;0;1;0;0;0;0;0;0;0;0;0;1;1;1;1;1;0;1;1;1;1;0;x + 1
657.1;5;0;0;0;2;0;3;4;3;0;1;1;3;0;4;3;2;4;1;4;0;4;1;0;2;1;x + 4
661.2;5;0;4;1;3;1;1;2;3;0;4;2;0;3;1;2;2;0;1;2;0;0;0;2;1;0;x + 4
669.2;5;0;0;1;2;0;1;1;2;0;4;0;0;2;4;0;4;1;0;2;1;4;3;4;2;0;x + 4
669.2;7;0;6;0;0;4;0;6;4;6;4;6;3;5;4;6;6;0;3;1;3;6;4;6;5;6;x + 6
687.1;3;0;2;0;1;2;0;0;2;0;0;0;2;1;0;1;0;1;1;2;2;1;1;0;1;1;x + 2
687.1;7;0;4;0;0;3;2;2;3;1;0;3;6;5;6;6;0;1;1;1;5;3;4;4;0;4;x + 6
688.2;19;10;0;3;11;0;2;0;0;7;12;6;12;1;11;0;6;7;17;13;2;13;12;3;10;5;x + 18
691.2;17;3;3;8;8;7;2;16;13;2;5;1;13;15;13;0;2;6;10;9;16;1;4;12;13;1;x + 16
703.3;3;0;[ 2, 2 ];[ 2, 0 ];[ 1, 0 ];[ 1, 1 ];[ 0, 2 ];[ 0, 2 ];0;[ 0, 0 ];[ 2, 2 ];[ 0, 2 ];0;[ 0, 0 ];[ 1, 2 ];[ 2, 1 ];[ 2, 1 ];[ 2, 2 ];[ 0, 2 ];[ 2, 0 ];[ 0, 0 ];[ 0, 0 ];[ 0, 2 ];[ 0, 0 ];[ 1, 1 ];[ 1, 0 ];x^2 + 2*x + 2
709.2;13;10;10;3;2;0;0;8;7;11;10;5;4;9;5;4;0;11;12;11;3;9;12;5;10;10;x + 12
733.1;2;[ 0, 0 ];0;[ 0, 0 ];[ 0, 1 ];[ 1, 1 ];[ 0, 0 ];[ 0, 0 ];[ 0, 0 ];[ 0, 0 ];[ 1, 1 ];[ 1, 1 ];[ 1, 1 ];[ 0, 1 ];[ 0, 1 ];[ 0, 0 ];[ 0, 1 ];[ 0, 1 ];[ 0, 0 ];[ 1, 1 ];[ 1, 1 ];[ 0, 1 ];[ 0, 0 ];[ 1, 1 ];[ 0, 0 ];[ 0, 0 ];x^2 + x + 1
733.1;5;0;1;0;1;4;2;0;4;0;4;0;0;1;2;2;1;1;0;0;2;1;0;1;2;1;x + 4
739.1;3;0;1;0;1;0;1;0;2;1;1;0;0;0;0;0;1;1;0;2;1;2;2;2;1;0;x + 2
741.3;3;0;0;2;1;1;0;0;2;0;2;0;0;1;0;2;1;0;1;1;2;2;1;1;2;0;x + 2
751.2;29;21;9;15;18;17;8;11;1;26;15;5;19;3;21;27;13;12;8;21;27;6;17;11;15;27;x + 28
763.2;7;5;2;0;0;0;1;2;2;5;0;5;2;4;1;1;6;1;4;5;5;3;0;1;2;5;x + 6
777.2;7;0;5;0;0;4;2;0;2;2;1;3;5;0;4;5;4;3;0;5;6;3;1;3;1;0;x + 6
787.2;2;0;0;0;1;0;1;1;0;0;1;0;1;1;0;0;1;0;0;1;0;0;0;1;1;0;x + 1
793.4;13;3;8;2;11;0;0;10;0;11;10;6;11;4;2;0;6;0;11;10;11;5;4;3;9;2;x + 12
796.2;3;0;0;1;0;2;2;1;2;1;2;2;1;0;0;0;0;1;2;0;1;0;2;2;0;1;x + 2
796.2;7;4;0;0;0;6;4;4;4;1;4;3;6;6;1;1;1;4;2;0;3;2;5;6;5;5;x + 6
811.1;3;0;0;0;0;2;1;2;1;1;0;2;1;1;2;0;2;0;1;0;2;1;1;2;1;2;x + 2
813.1;2;0;0;[ 0, 1 ];[ 1, 1 ];[ 0, 1 ];[ 0, 0 ];[ 1, 1 ];[ 0, 0 ];[ 0, 0 ];[ 1, 1 ];[ 1, 1 ];[ 0, 0 ];[ 0, 0 ];[ 0, 1 ];[ 0, 0 ];[ 1, 1 ];[ 0, 1 ];[ 0, 1 ];[ 0, 1 ];[ 0, 0 ];[ 1, 1 ];[ 0, 0 ];[ 0, 0 ];[ 0, 0 ];[ 0, 0 ];x^2 + x + 1
813.1;3;0;1;2;2;0;1;2;1;2;0;2;2;1;0;0;2;1;0;0;1;1;1;0;1;0;x + 2
817.2;3;0;0;1;2;1;2;0;0;1;0;0;0;2;2;0;1;0;2;0;1;1;1;2;1;1;x + 2
817.2;5;3;1;3;1;0;3;0;1;0;2;2;1;3;3;0;4;1;0;3;4;0;4;4;2;2;x + 4
817.4;7;5;2;0;0;5;0;2;0;4;0;6;5;3;6;0;0;2;6;4;1;2;3;2;2;2;x + 6
817.4;7;6;0;0;0;5;1;1;0;4;1;4;4;2;5;0;0;4;6;0;2;3;5;0;5;1;x + 6
823.1;5;[ 2, 3 ];[ 2, 4 ];[ 3, 3 ];[ 1, 2 ];[ 2, 1 ];[ 4, 2 ];[ 4, 0 ];[ 3, 0 ];0;[ 3, 4 ];[ 2, 2 ];[ 1, 4 ];[ 3, 2 ];[ 3, 2 ];[ 0, 2 ];[ 2, 3 ];[ 0, 4 ];[ 4, 3 ];[ 1, 0 ];[ 4, 4 ];[ 1, 1 ];[ 4, 0 ];[ 3, 2 ];[ 2, 1 ];[ 0, 2 ];x^2 + 4*x + 2
829.2;2;[ 0, 0 ];0;[ 0, 0 ];[ 0, 1 ];[ 0, 0 ];[ 0, 0 ];[ 0, 0 ];[ 1, 1 ];[ 1, 1 ];[ 1, 1 ];[ 0, 0 ];[ 0, 1 ];[ 0, 0 ];[ 1, 1 ];[ 0, 0 ];[ 1, 1 ];[ 0, 1 ];[ 0, 1 ];[ 0, 1 ];[ 0, 0 ];[ 1, 1 ];[ 1, 1 ];[ 0, 0 ];[ 0, 1 ];[ 0, 1 ];x^2 + x + 1
844.2;23;10;0;9;4;17;13;2;16;0;4;22;13;2;15;21;10;20;13;14;20;8;8;16;5;18;x + 22
849.2;31;0;10;27;24;17;12;4;11;28;0;0;22;16;8;3;30;28;16;29;27;7;18;5;24;29;x + 30
853.2;19;10;15;13;16;9;9;0;0;4;13;5;8;14;3;18;10;1;14;2;3;1;5;17;14;14;x + 18
859.1;19;15;3;14;7;13;5;0;0;0;14;10;8;5;5;12;5;17;7;5;9;7;13;15;17;4;x + 18
871.3;3;0;[ 0, 0 ];[ 2, 2 ];[ 0, 2 ];[ 2, 0 ];0;[ 0, 2 ];[ 2, 2 ];[ 0, 1 ];[ 1, 1 ];[ 0, 0 ];[ 0, 1 ];[ 2, 0 ];[ 2, 0 ];[ 2, 2 ];[ 0, 0 ];[ 0, 2 ];0;[ 2, 1 ];[ 0, 1 ];[ 1, 0 ];[ 1, 1 ];[ 2, 1 ];[ 1, 1 ];[ 2, 2 ];x^2 + 2*x + 2
871.4;3;0;1;2;0;1;0;0;0;0;2;1;2;1;0;2;0;0;1;0;2;1;2;0;2;1;x + 2
873.1;3;0;[ 2, 2 ];[ 1, 0 ];[ 0, 2 ];[ 1, 1 ];[ 2, 2 ];[ 1, 2 ];[ 1, 1 ];[ 1, 1 ];[ 0, 2 ];[ 0, 0 ];[ 0, 1 ];[ 0, 2 ];[ 2, 2 ];[ 1, 2 ];[ 2, 2 ];[ 1, 0 ];[ 1, 0 ];[ 2, 1 ];[ 1, 1 ];[ 1, 1 ];[ 0, 2 ];[ 0, 0 ];0;[ 0, 0 ];x^2 + 2*x + 2
889.3;11;10;2;8;0;8;2;5;0;4;9;8;4;10;8;4;5;3;5;7;4;0;8;5;4;0;x + 10
892.2;2;0;0;0;1;0;1;0;1;0;0;1;0;0;1;0;0;1;0;0;1;1;0;0;1;0;x + 1
907.1;2;0;0;1;1;0;0;0;1;0;1;0;0;1;1;0;0;1;0;0;1;0;0;0;0;1;x + 1
919.2;2;[ 0, 0 ];0;[ 1, 0 ];[ 1, 0 ];[ 0, 0 ];[ 0, 0 ];[ 1, 0 ];[ 0, 0 ];[ 1, 0 ];[ 1, 0 ];[ 1, 0 ];[ 1, 0 ];[ 0, 0 ];[ 1, 0 ];[ 0, 0 ];[ 0, 0 ];[ 1, 0 ];[ 1, 0 ];[ 0, 0 ];[ 0, 0 ];[ 1, 0 ];[ 0, 0 ];[ 0, 0 ];[ 0, 0 ];[ 1, 0 ];x^2 + x + 1
925.2;11;6;6;7;1;2;2;2;7;0;9;0;5;0;1;3;7;7;0;0;1;2;5;9;5;6;x + 10
927.2;11;0;7;6;7;6;3;1;2;7;9;3;10;3;2;8;0;0;9;9;1;10;7;7;9;1;x + 10
931.6;5;1;4;1;0;2;2;3;0;0;4;3;2;4;4;4;1;1;1;0;0;4;2;2;2;2;x + 4
973.1;2;[ 0, 1 ];0;0;[ 0, 0 ];[ 0, 1 ];[ 0, 0 ];[ 1, 1 ];[ 1, 1 ];[ 0, 0 ];[ 0, 1 ];[ 0, 0 ];[ 1, 1 ];[ 0, 0 ];[ 0, 0 ];[ 1, 1 ];[ 0, 0 ];[ 0, 0 ];[ 0, 1 ];[ 0, 1 ];[ 1, 1 ];[ 1, 1 ];[ 0, 1 ];[ 1, 1 ];[ 0, 0 ];[ 0, 0 ];x^2 + x + 1
973.3;17;15;8;5;0;8;11;2;8;13;16;5;2;14;5;6;10;5;14;2;5;13;14;4;1;6;x + 16
981.1;3;0;2;1;1;2;0;1;2;2;2;2;1;1;1;0;1;1;0;1;2;0;1;0;2;1;x + 2
981.1;7;0;0;0;0;6;1;2;6;4;0;0;5;1;5;0;1;0;2;3;4;3;5;1;2;2;x + 6
988.1;7;0;0;0;0;0;5;0;2;4;1;0;3;0;2;6;3;4;1;2;6;3;4;4;2;2;x + 6
988.3;3;0;0;0;2;1;0;0;0;1;1;2;0;2;1;2;1;0;1;1;0;1;0;2;0;0;x + 2
991.2;2;[ 0, 0 ];0;[ 0, 1 ];[ 1, 1 ];[ 1, 1 ];[ 0, 1 ];[ 0, 0 ];[ 0, 1 ];[ 1, 1 ];[ 1, 1 ];[ 0, 0 ];[ 0, 0 ];[ 0, 1 ];[ 0, 0 ];[ 1, 1 ];[ 0, 0 ];[ 0, 0 ];[ 0, 0 ];[ 0, 1 ];[ 0, 0 ];[ 0, 1 ];[ 1, 1 ];[ 0, 0 ];[ 0, 0 ];[ 1, 1 ];x^2 + x + 1
993.2;5;0;0;1;0;3;0;2;0;0;0;2;2;4;2;0;0;1;3;0;4;4;2;3;1;2;x + 4
993.2;7;0;4;0;0;4;6;1;0;2;6;0;0;4;0;5;1;4;3;4;0;4;6;0;3;1;x + 6
997.1;7;0;2;0;0;3;2;0;1;5;4;2;4;6;5;5;1;3;6;2;6;4;5;5;4;1;x + 6
