level;p;2.1;5.1;5.2;9.1;13.1;13.2;17.1;17.2;29.1;29.2;37.1;37.2;41.1;41.2;49.1;53.1;53.2;61.1;61.2;73.1;73.2;89.1;89.2;97.1;97.2;dim;generalized-dim;Coeff_minpoly
97.1;5;2;2;3;4;1;1;0;3;2;1;3;3;1;0;1;0;2;3;4;1;2;3;0;1;0;1;1;x + 4
157.1;2;1;0;1;1;1;1;1;1;0;0;0;0;1;0;0;1;0;0;0;0;0;0;0;1;0;1;1;x + 1
157.1;3;2;0;0;2;1;1;2;2;0;1;1;0;2;0;2;0;2;1;1;2;0;1;0;2;0;1;1;x + 2
169.2;2;1;1;1;1;1;1;1;1;0;0;1;1;0;0;1;0;0;0;0;0;0;0;0;0;0;1;2;x + 1
178.1;7;6;2;4;3;2;2;6;0;2;5;3;0;5;5;0;1;2;6;5;3;6;1;3;0;4;1;1;x + 6
193.1;2;0;0;1;1;1;0;0;1;0;1;0;0;0;0;1;1;0;1;0;1;0;0;0;0;0;1;2;x + 1
202.1;5;4;2;1;0;0;1;3;3;2;1;1;0;3;4;4;3;3;1;1;0;3;1;4;1;3;1;1;x + 4
205.1;5;2;1;0;4;2;1;4;0;1;1;1;2;4;1;0;1;4;0;0;1;3;3;1;0;4;1;1;x + 4
208.1;3;0;0;2;2;2;2;2;1;0;1;0;0;0;1;2;2;0;1;1;0;2;1;0;1;0;1;1;x + 2
221.2;3;1;1;0;2;1;1;0;2;0;2;1;2;0;2;1;1;1;0;0;2;1;0;2;1;2;1;1;x + 2
232.1;5;0;0;4;3;4;2;0;3;4;3;1;2;0;0;1;1;3;3;2;3;0;2;1;1;1;1;1;x + 4
241.1;19;13;3;4;10;7;1;11;13;7;5;6;12;2;0;9;6;4;17;17;11;7;12;8;3;2;1;1;x + 18
244.1;7;0;3;5;5;0;6;1;6;5;3;3;0;2;1;1;1;3;6;0;3;2;1;5;2;2;1;1;x + 6
265.1;5;4;4;3;4;4;1;1;0;4;0;3;0;2;2;1;1;2;3;0;2;2;1;2;2;3;1;1;x + 4
269.1;2;1;1;1;0;1;0;0;1;0;1;0;0;1;1;0;1;0;0;0;1;1;0;0;0;0;1;1;x + 1
277.1;3;[ 0, 1 ];[ 0, 2 ];[ 1, 2 ];[ 2, 2 ];[ 0, 0 ];[ 1, 0 ];[ 1, 1 ];[ 1, 2 ];[ 0, 1 ];[ 2, 2 ];[ 2, 0 ];[ 2, 1 ];[ 2, 2 ];[ 1, 2 ];[ 1, 2 ];[ 0, 0 ];[ 1, 1 ];[ 1, 0 ];[ 0, 2 ];[ 0, 0 ];[ 1, 2 ];[ 1, 1 ];[ 2, 2 ];[ 2, 1 ];[ 2, 1 ];1;1;x^2 + 2*x + 2
281.1;23;6;8;4;5;13;10;11;4;2;19;0;20;7;11;22;1;2;2;22;20;7;5;0;4;14;1;1;x + 22
293.1;3;[ 0, 2 ];[ 2, 0 ];[ 0, 0 ];[ 2, 1 ];[ 1, 2 ];[ 1, 2 ];[ 1, 1 ];[ 1, 2 ];[ 2, 2 ];[ 0, 1 ];[ 0, 2 ];[ 2, 2 ];[ 2, 0 ];[ 1, 2 ];[ 1, 1 ];[ 2, 2 ];[ 1, 0 ];[ 2, 0 ];[ 0, 1 ];[ 0, 0 ];[ 0, 0 ];[ 1, 1 ];[ 0, 1 ];[ 2, 1 ];[ 0, 1 ];1;1;x^2 + 2*x + 2
306.1;3;2;2;1;2;0;2;1;0;1;0;2;1;1;1;1;2;1;0;0;2;1;1;0;0;1;1;1;x + 2
313.1;37;16;17;3;36;25;18;36;22;8;24;25;22;11;25;26;20;24;22;27;0;24;29;18;16;19;1;1;x + 36
337.1;43;8;27;19;35;17;42;40;28;20;12;22;9;15;20;39;42;32;40;21;9;41;25;40;28;32;1;1;x + 42
346.1;2;[ 1, 0 ];[ 0, 1 ];[ 1, 1 ];[ 1, 1 ];[ 0, 0 ];[ 0, 1 ];[ 0, 0 ];[ 0, 1 ];[ 0, 0 ];[ 1, 1 ];[ 0, 1 ];[ 0, 0 ];[ 0, 1 ];[ 1, 1 ];[ 0, 0 ];[ 1, 1 ];[ 1, 1 ];[ 0, 0 ];[ 0, 0 ];[ 0, 0 ];[ 0, 0 ];[ 0, 0 ];[ 0, 0 ];[ 0, 0 ];[ 0, 0 ];1;1;x^2 + x + 1
349.1;5;4;1;2;1;2;0;0;0;2;4;2;2;3;3;4;4;4;1;4;1;3;3;4;0;0;1;1;x + 4
353.1;2;0;0;1;0;0;1;1;1;0;0;1;0;0;0;0;0;0;0;0;0;0;0;0;0;1;1;1;x + 1
353.1;2;[ 0, 1 ];[ 0, 0 ];[ 1, 0 ];[ 0, 0 ];[ 0, 0 ];[ 1, 0 ];[ 1, 0 ];[ 1, 0 ];[ 0, 0 ];[ 0, 0 ];[ 1, 0 ];[ 0, 0 ];[ 0, 0 ];[ 0, 0 ];[ 0, 0 ];[ 0, 0 ];[ 0, 0 ];[ 0, 0 ];[ 0, 0 ];[ 0, 0 ];[ 0, 0 ];[ 0, 0 ];[ 0, 0 ];[ 0, 0 ];[ 1, 0 ];1;1;x^2 + x + 1
361.1;2;1;0;0;1;1;1;1;1;1;1;0;0;0;0;1;1;1;0;0;1;1;0;0;0;0;1;2;x + 1
370.1;3;1;2;2;2;2;1;2;1;0;0;2;2;2;1;1;2;1;1;2;1;1;0;0;1;2;1;1;x + 2
373.1;41;9;38;7;16;28;32;1;33;12;40;30;19;36;13;6;15;28;31;30;21;38;35;5;0;23;1;1;x + 40
386.1;3;2;1;0;2;2;0;2;0;2;1;0;1;0;1;1;0;0;1;2;0;0;0;2;1;1;1;1;x + 2
389.1;3;[ 2, 2 ];[ 2, 1 ];[ 0, 2 ];[ 1, 0 ];[ 0, 2 ];[ 0, 0 ];[ 2, 1 ];[ 1, 1 ];[ 2, 2 ];[ 0, 0 ];[ 0, 0 ];[ 0, 0 ];[ 1, 1 ];[ 0, 0 ];[ 0, 2 ];[ 1, 2 ];[ 2, 1 ];[ 0, 0 ];[ 0, 2 ];[ 1, 0 ];[ 0, 0 ];[ 0, 2 ];[ 0, 1 ];[ 0, 0 ];[ 1, 0 ];1;1;x^2 + 2*x + 2
394.1;2;1;0;0;1;1;1;1;0;1;0;1;0;1;1;1;0;0;0;1;0;0;0;0;0;0;1;1;x + 1
397.1;19;15;15;9;6;6;0;13;16;17;5;17;11;17;14;17;4;3;7;1;18;12;4;3;17;16;1;1;x + 18
401.1;41;33;40;13;6;17;12;30;12;14;0;2;25;13;8;3;37;0;4;11;35;32;2;40;7;5;1;1;x + 40
409.1;137;92;28;18;105;62;114;129;56;64;118;106;32;48;6;50;112;10;97;109;72;81;26;110;88;30;1;1;x + 136
421.1;19;8;8;14;9;2;11;4;11;7;9;1;6;15;14;9;16;13;6;4;6;8;8;7;18;8;1;1;x + 18
425.2;2;0;0;1;0;0;0;1;1;0;1;0;1;0;1;0;1;1;0;0;0;1;0;0;0;1;1;3;x + 1
433.1;2;1;0;1;1;0;0;0;0;0;1;1;0;1;1;0;0;0;0;1;1;0;1;0;0;1;1;2;x + 1
433.1;5;1;1;2;0;3;2;4;4;0;0;4;4;1;1;3;0;3;1;4;2;1;0;4;4;2;1;1;x + 4
442.2;5;4;1;3;3;4;0;2;1;2;0;2;1;1;0;1;4;1;2;3;0;4;1;0;3;2;1;1;x + 4
445.1;5;1;4;3;1;1;1;4;2;1;0;2;2;2;1;1;4;3;4;0;3;4;1;4;3;3;1;1;x + 4
449.1;5;1;0;0;2;1;0;3;1;4;2;1;4;4;3;0;4;0;3;2;2;3;1;4;1;4;1;1;x + 4
458.1;2;1;0;1;0;0;0;1;1;0;0;1;0;1;0;0;0;1;0;1;0;0;0;0;1;1;1;1;x + 1
464.1;3;0;1;0;1;1;0;2;0;1;0;1;1;0;2;0;2;1;0;1;1;0;1;2;2;1;1;1;x + 2
466.1;11;10;7;2;3;9;7;6;7;1;5;3;0;1;2;9;1;1;9;8;5;8;7;7;7;3;1;1;x + 10
481.2;5;1;4;0;2;4;4;4;2;1;1;2;1;3;1;0;4;2;1;2;0;1;3;3;3;1;1;1;x + 4
481.1;3;[ 2, 1, 2 ];[ 0, 2, 1 ];[ 0, 0, 2 ];[ 0, 2, 2 ];[ 1, 0, 0 ];[ 1, 1, 2 ];[ 0, 1, 1 ];[ 1, 2, 2 ];[ 2, 1, 0 ];[ 0, 0, 1 ];[ 2, 0, 0 ];[ 2, 2, 1 ];[ 1, 1, 2 ];[ 1, 0, 0 ];[ 2, 2, 1 ];[ 1, 0, 0 ];[ 1, 0, 2 ];[ 2, 2, 0 ];[ 0, 1, 1 ];[ 1, 0, 1 ];[ 0, 1, 0 ];[ 1, 0, 2 ];[ 1, 1, 0 ];[ 0, 0, 2 ];[ 2, 0, 2 ];1;1;x^3 + 2*x + 1
481.1;11;3;7;8;9;10;7;3;3;7;3;1;8;0;4;4;1;8;8;4;10;6;4;10;10;4;1;1;x + 10
485.1;2;1;1;1;0;1;1;1;1;0;1;0;1;0;1;0;1;0;0;0;0;1;0;0;1;1;1;2;x + 1
490.1;5;4;1;3;2;1;2;0;2;0;1;0;1;2;3;4;2;1;1;0;4;1;3;0;3;1;1;1;x + 4
493.2;2;1;0;1;1;0;0;1;1;1;1;0;0;0;0;0;1;1;1;1;1;1;1;0;0;0;1;2;x + 1
514.1;37;36;1;33;12;15;8;3;26;11;13;34;16;15;29;0;20;24;34;16;18;21;10;3;28;11;1;1;x + 36
521.1;263;139;217;250;16;253;132;172;195;240;16;231;258;220;200;90;0;257;20;6;151;178;45;35;232;183;1;1;x + 262
529.1;2;0;0;0;1;1;1;0;0;1;1;0;0;1;1;0;0;0;0;0;1;1;0;0;0;0;1;2;x + 1
533.1;3;0;1;0;2;2;2;1;1;0;0;1;2;2;2;0;1;2;0;1;1;0;1;1;2;1;1;1;x + 2
533.2;7;4;3;3;5;1;0;6;4;0;6;4;3;3;6;5;2;4;4;2;1;5;1;0;6;5;1;1;x + 6
538.1;3;2;2;0;1;1;1;2;0;1;0;2;1;0;1;2;1;1;1;2;0;1;0;0;2;0;1;1;x + 2
541.1;5;0;4;2;3;0;4;1;1;1;3;2;2;4;2;0;1;0;0;4;3;4;3;1;4;1;1;1;x + 4
544.1;5;0;4;0;4;4;2;4;3;0;4;4;1;0;2;3;1;1;0;4;3;2;4;4;0;3;1;1;x + 4
545.1;2;0;1;1;0;1;1;0;0;1;1;1;0;0;1;0;1;0;0;0;1;0;0;0;0;0;1;3;x + 1
545.2;5;4;1;4;4;4;1;4;3;4;0;4;4;4;3;2;3;2;1;3;1;1;1;4;2;0;1;1;x + 4
557.1;37;14;3;20;28;16;10;14;35;12;10;4;4;28;19;30;34;11;3;6;36;33;14;6;13;23;1;1;x + 36
565.1;17;9;16;9;14;7;10;15;1;9;6;5;1;6;8;13;16;7;7;3;2;3;9;5;10;8;1;1;x + 16
565.2;31;20;1;26;14;22;29;0;1;17;0;1;30;7;29;20;29;28;13;1;15;27;7;25;27;16;1;1;x + 30
569.1;263;222;94;186;149;167;65;41;39;21;172;44;148;157;11;104;202;155;250;4;19;240;193;258;171;42;1;1;x + 262
577.1;157;30;10;143;77;68;104;0;65;114;128;145;5;56;83;112;47;93;69;60;60;116;57;74;25;124;1;1;x + 156
578.1;2;1;1;0;0;1;0;0;0;0;1;0;0;1;1;1;0;1;0;1;0;0;0;0;0;0;1;2;x + 1
584.1;5;0;3;0;0;2;2;2;0;0;0;3;3;3;0;0;2;4;0;3;4;2;4;0;4;3;1;1;x + 4
585.1;3;1;2;0;1;2;2;1;0;2;1;0;1;2;2;2;0;1;1;1;0;2;0;0;1;2;1;1;x + 2
586.1;3;1;0;2;1;1;1;2;1;2;2;2;0;0;2;1;1;2;1;2;1;0;0;1;2;2;1;1;x + 2
586.1;7;6;4;3;3;5;3;6;1;0;2;3;0;2;2;2;3;4;5;6;0;0;2;2;0;6;1;1;x + 6
592.1;3;[ 0, 0 ];[ 0, 1 ];[ 2, 1 ];[ 0, 1 ];[ 2, 2 ];[ 0, 0 ];[ 0, 1 ];[ 2, 0 ];[ 2, 1 ];[ 1, 2 ];[ 2, 0 ];[ 0, 2 ];[ 1, 2 ];[ 1, 1 ];[ 0, 1 ];[ 2, 0 ];[ 1, 2 ];[ 2, 2 ];[ 1, 2 ];[ 0, 0 ];[ 2, 2 ];[ 1, 1 ];[ 0, 2 ];[ 2, 2 ];[ 2, 0 ];1;1;x^2 + 2*x + 2
592.1;5;0;3;4;4;4;3;1;4;4;1;1;1;0;1;0;4;2;3;0;1;4;2;4;2;2;1;1;x + 4
596.1;19;0;7;6;8;6;18;15;0;9;15;4;0;12;11;5;2;18;15;15;13;3;7;6;16;17;1;1;x + 18
601.1;2;0;0;0;1;0;0;1;0;0;1;1;1;1;0;0;0;1;1;0;1;0;0;1;1;0;1;2;x + 1
610.1;5;4;1;1;1;4;3;2;0;2;3;4;1;0;0;1;2;1;4;0;4;1;0;3;2;0;1;1;x + 4
613.1;7;3;5;3;3;6;3;3;1;3;6;6;6;3;6;3;2;6;5;1;4;5;2;3;3;5;1;1;x + 6
625.2;3;[ 0, 2 ];[ 0, 0 ];[ 2, 0 ];[ 2, 2 ];[ 0, 0 ];[ 0, 2 ];[ 0, 1 ];[ 1, 1 ];[ 1, 1 ];[ 2, 2 ];[ 0, 0 ];[ 2, 0 ];[ 2, 2 ];[ 0, 1 ];[ 0, 2 ];[ 1, 2 ];[ 0, 0 ];[ 2, 1 ];[ 1, 2 ];[ 2, 0 ];[ 2, 1 ];[ 2, 1 ];[ 2, 2 ];[ 1, 0 ];[ 1, 2 ];1;1;x^2 + 2*x + 2
625.3;2;1;0;0;1;0;0;1;1;0;0;0;0;1;1;0;0;0;0;0;1;1;1;1;0;0;1;2;x + 1
629.2;3;0;0;1;0;1;1;2;2;0;1;1;2;0;2;0;1;0;0;2;1;2;2;1;0;0;1;1;x + 2
634.1;3;[ 1, 0 ];[ 1, 0 ];[ 2, 0 ];[ 0, 1 ];[ 1, 2 ];[ 2, 2 ];[ 2, 2 ];[ 1, 0 ];[ 2, 1 ];[ 1, 2 ];[ 1, 1 ];[ 2, 0 ];[ 2, 1 ];[ 0, 0 ];[ 2, 1 ];[ 1, 0 ];[ 2, 1 ];[ 2, 2 ];[ 1, 2 ];[ 1, 0 ];[ 2, 2 ];[ 1, 0 ];[ 1, 1 ];[ 2, 1 ];[ 2, 2 ];1;1;x^2 + 2*x + 2
637.1;29;11;24;26;8;1;26;12;24;28;7;9;28;2;16;28;15;8;11;14;26;21;4;21;26;5;1;1;x + 28
641.1;223;28;220;109;111;175;164;189;107;142;159;193;18;199;119;177;129;55;149;32;34;39;210;72;92;103;1;1;x + 222
650.2;3;2;0;1;2;0;2;1;1;0;0;1;1;1;1;2;1;0;0;2;1;1;0;2;1;2;1;1;x + 2
653.1;5;0;3;3;1;4;4;2;4;3;1;0;0;3;2;1;0;3;0;1;3;4;0;4;4;2;1;1;x + 4
653.1;7;2;1;3;5;3;5;2;6;6;5;1;6;1;5;6;3;4;4;0;0;2;3;4;2;0;1;1;x + 6
661.1;2;[ 1, 0, 0 ];[ 1, 1, 1 ];[ 1, 1, 0 ];[ 1, 0, 1 ];[ 0, 0, 0 ];[ 1, 0, 1 ];[ 1, 1, 1 ];[ 1, 1, 0 ];[ 1, 1, 1 ];[ 1, 0, 1 ];[ 1, 1, 0 ];[ 0, 0, 0 ];[ 0, 0, 0 ];[ 0, 0, 0 ];[ 0, 0, 0 ];[ 0, 0, 0 ];[ 0, 0, 0 ];[ 1, 0, 1 ];[ 0, 0, 0 ];[ 1, 1, 0 ];[ 1, 1, 1 ];[ 0, 0, 0 ];[ 1, 0, 1 ];[ 0, 0, 0 ];[ 0, 0, 0 ];1;1;x^3 + x + 1
661.1;167;50;114;76;96;26;12;14;140;63;85;45;91;17;132;121;125;69;122;33;80;67;113;155;154;122;1;1;x + 166
666.1;3;[ 1, 0 ];[ 0, 1 ];[ 2, 0 ];[ 1, 0 ];[ 2, 2 ];[ 1, 1 ];[ 1, 1 ];[ 1, 2 ];[ 1, 0 ];[ 1, 1 ];[ 1, 0 ];[ 0, 1 ];[ 1, 2 ];[ 1, 0 ];[ 0, 1 ];[ 2, 1 ];[ 1, 0 ];[ 0, 0 ];[ 2, 1 ];[ 2, 1 ];[ 1, 1 ];[ 1, 2 ];[ 1, 0 ];[ 0, 1 ];[ 0, 0 ];1;1;x^2 + 2*x + 2
666.1;5;4;2;0;1;2;0;1;0;2;0;4;3;1;3;0;0;1;1;3;3;2;0;2;3;1;1;1;x + 4
673.1;11;3;9;7;9;1;7;0;6;10;9;10;3;0;7;6;10;9;0;2;5;8;7;1;8;10;1;1;x + 10
673.1;61;5;57;17;13;24;13;32;60;53;50;46;16;55;5;1;20;54;9;53;20;6;18;37;43;23;1;1;x + 60
677.1;2;1;1;0;0;0;0;0;1;0;1;0;0;0;0;0;0;1;1;0;1;0;1;0;1;1;1;1;x + 1
677.1;3;0;0;1;2;0;0;2;1;0;0;1;2;0;0;1;1;0;2;0;1;2;0;1;1;1;1;1;x + 2
685.2;5;3;4;1;1;3;3;1;1;4;0;3;3;0;1;3;1;0;3;3;0;2;2;0;4;3;1;1;x + 4
689.2;3;0;2;2;2;2;0;0;0;0;1;2;2;0;2;2;0;2;1;0;2;1;1;2;2;1;1;1;x + 2
689.1;3;1;1;0;2;2;2;0;0;0;2;1;2;1;0;2;1;1;1;1;1;2;0;1;0;0;1;2;x + 2
689.1;3;2;0;1;2;1;1;2;2;0;0;2;2;1;0;2;1;2;0;1;1;1;0;1;0;1;1;1;x + 2
692.1;7;0;6;5;6;5;1;0;4;0;1;3;6;1;0;4;6;2;5;6;1;3;2;2;1;2;1;1;x + 6
697.2;17;4;10;8;6;12;7;1;3;12;16;14;0;7;16;6;12;8;3;3;12;5;6;5;14;13;1;1;x + 16
697.2;31;10;15;4;15;27;4;30;24;5;3;5;9;30;1;5;9;29;2;25;7;12;19;5;30;8;1;1;x + 30
701.1;7;2;3;5;6;4;3;2;6;6;6;1;0;5;0;3;2;2;0;1;6;6;5;0;4;3;1;1;x + 6
709.1;197;28;183;133;4;151;77;117;66;84;79;183;22;111;188;155;119;19;165;184;135;56;138;130;143;114;1;1;x + 196
720.1;3;0;2;0;2;0;1;1;0;0;2;1;0;0;2;1;1;1;1;1;2;2;2;1;1;0;1;1;x + 2
724.1;13;0;4;7;1;12;7;5;1;7;6;4;12;5;12;12;2;2;3;12;1;4;12;6;11;9;1;1;x + 12
725.1;2;1;0;0;0;1;1;1;0;1;1;1;0;1;0;1;1;0;0;1;0;1;1;0;1;0;1;2;x + 1
725.1;3;1;0;0;2;2;0;2;0;1;0;2;1;0;1;0;2;2;0;2;1;0;1;2;1;1;1;1;x + 2
729.1;2;1;1;1;0;0;0;0;0;0;0;0;0;0;0;1;1;1;0;0;1;1;0;0;1;1;1;2;x + 1
730.2;7;6;1;4;0;5;0;2;1;1;5;3;1;3;5;6;6;2;2;0;4;6;4;6;5;2;1;1;x + 6
730.2;17;1;16;4;10;8;5;8;15;9;13;14;15;5;6;9;1;12;10;11;0;16;10;6;0;15;1;1;x + 16
733.1;2;0;1;0;1;0;1;1;1;1;0;0;0;1;0;0;0;0;0;1;1;0;0;0;0;0;1;1;x + 1
733.1;2;1;1;0;1;0;1;1;1;1;0;0;0;1;0;0;0;0;0;1;1;0;0;0;0;0;1;1;x + 1
733.1;19;1;14;8;3;10;11;4;17;3;4;2;7;12;13;8;12;8;13;5;12;4;6;3;18;14;1;1;x + 18
733.1;23;7;14;21;2;4;16;17;16;17;16;4;17;9;21;10;20;0;13;22;0;12;22;11;12;4;1;1;x + 22
740.1;5;0;1;3;0;1;2;0;4;2;1;1;3;3;2;2;4;2;4;4;3;1;2;0;3;3;1;1;x + 4
745.1;19;7;1;7;0;18;16;17;1;9;4;2;0;1;12;15;5;16;0;13;6;8;11;1;10;7;1;1;x + 18
745.1;107;75;106;65;49;86;71;106;72;60;45;14;64;42;61;56;32;84;97;87;15;52;41;47;42;63;1;1;x + 106
745.2;2;[ 0, 1 ];[ 1, 0 ];[ 1, 0 ];[ 1, 0 ];[ 0, 0 ];[ 0, 0 ];[ 1, 0 ];[ 0, 0 ];[ 0, 0 ];[ 0, 0 ];[ 0, 0 ];[ 1, 0 ];[ 0, 0 ];[ 1, 0 ];[ 0, 0 ];[ 1, 0 ];[ 0, 0 ];[ 0, 0 ];[ 0, 0 ];[ 0, 0 ];[ 0, 0 ];[ 0, 0 ];[ 1, 0 ];[ 1, 0 ];[ 0, 0 ];1;1;x^2 + x + 1
745.2;2;0;1;1;1;0;0;1;0;0;0;0;1;0;1;0;1;0;0;0;0;0;0;1;1;0;1;2;x + 1
746.1;3;[ 1, 0 ];[ 2, 2 ];[ 1, 0 ];[ 1, 0 ];[ 0, 1 ];[ 0, 2 ];[ 0, 2 ];[ 1, 2 ];[ 0, 2 ];[ 1, 1 ];[ 1, 0 ];[ 0, 1 ];[ 0, 2 ];[ 2, 0 ];[ 2, 2 ];[ 0, 0 ];[ 1, 1 ];[ 0, 1 ];[ 0, 2 ];[ 2, 0 ];[ 1, 1 ];[ 1, 0 ];[ 2, 0 ];[ 1, 1 ];[ 0, 1 ];1;1;x^2 + 2*x + 2
754.2;3;1;0;1;0;1;1;0;0;1;1;0;1;0;2;1;1;2;1;0;1;0;1;0;1;0;1;1;x + 2
754.1;3;2;2;2;2;1;1;1;0;2;0;1;2;0;1;1;1;1;2;0;1;2;2;2;2;1;1;1;x + 2
754.1;5;1;2;4;4;1;4;0;0;1;4;2;1;0;2;4;2;4;3;1;2;4;4;4;2;0;1;1;x + 4
757.1;5;3;2;3;0;1;4;2;4;0;2;4;0;3;1;0;0;3;4;3;2;4;1;0;0;1;1;1;x + 4
761.1;2;[ 0, 0, 1, 1 ];[ 0, 1, 1, 0 ];[ 1, 1, 1, 0 ];[ 0, 0, 0, 0 ];[ 1, 1, 1, 0 ];[ 0, 0, 0, 0 ];[ 0, 0, 0, 0 ];[ 0, 0, 0, 0 ];[ 0, 0, 0, 0 ];[ 0, 0, 0, 0 ];[ 0, 1, 1, 0 ];[ 0, 1, 1, 0 ];[ 0, 0, 0, 0 ];[ 0, 0, 0, 0 ];[ 0, 0, 0, 0 ];[ 1, 1, 1, 0 ];[ 0, 0, 0, 0 ];[ 0, 0, 0, 0 ];[ 0, 1, 1, 0 ];[ 0, 0, 0, 0 ];[ 0, 1, 1, 0 ];[ 0, 0, 0, 0 ];[ 0, 0, 0, 0 ];[ 1, 1, 1, 0 ];[ 0, 0, 0, 0 ];1;1;x^4 + x + 1
761.1;2;[ 0, 0 ];[ 0, 1 ];[ 1, 1 ];[ 0, 0 ];[ 1, 1 ];[ 0, 0 ];[ 0, 0 ];[ 0, 0 ];[ 0, 0 ];[ 0, 0 ];[ 0, 1 ];[ 0, 1 ];[ 0, 0 ];[ 0, 0 ];[ 0, 0 ];[ 1, 1 ];[ 0, 0 ];[ 0, 0 ];[ 0, 1 ];[ 0, 0 ];[ 0, 1 ];[ 0, 0 ];[ 0, 0 ];[ 1, 1 ];[ 0, 0 ];1;1;x^2 + x + 1
769.1;11;9;8;6;9;2;5;5;7;0;4;0;9;6;6;4;8;6;9;4;7;9;8;3;6;10;1;1;x + 10
769.1;419;401;315;88;26;175;363;57;296;133;329;391;8;121;317;345;150;312;132;111;75;341;405;386;376;101;1;1;x + 418
772.1;13;0;12;9;8;12;6;9;12;9;7;4;12;8;11;0;9;7;6;1;10;4;8;5;2;1;1;1;x + 12
773.1;3;[ 0, 1 ];[ 0, 2 ];[ 2, 2 ];[ 1, 0 ];[ 1, 2 ];[ 1, 0 ];[ 1, 1 ];[ 0, 0 ];[ 1, 2 ];[ 1, 1 ];[ 0, 1 ];[ 2, 1 ];[ 2, 1 ];[ 0, 0 ];[ 0, 2 ];[ 2, 1 ];[ 1, 1 ];[ 0, 0 ];[ 0, 0 ];[ 1, 0 ];[ 1, 0 ];[ 0, 0 ];[ 0, 2 ];[ 1, 2 ];[ 1, 0 ];1;1;x^2 + 2*x + 2
773.1;5;1;4;3;3;2;2;2;2;1;0;1;2;3;2;1;4;0;0;0;4;0;4;4;3;3;1;1;x + 4
778.1;23;1;9;22;4;2;2;12;14;13;10;18;8;19;18;20;19;15;12;17;20;10;19;16;12;11;1;1;x + 22
785.1;19;16;1;2;4;2;4;17;0;11;13;7;17;9;13;13;8;2;10;2;8;0;12;4;15;11;1;1;x + 18
788.1;7;0;6;2;4;4;3;3;5;0;1;3;0;6;1;6;2;1;1;0;0;6;6;2;3;4;1;1;x + 6
794.1;7;6;6;6;1;1;1;1;5;1;4;6;5;1;4;5;6;2;2;2;5;2;0;4;0;5;1;1;x + 6
797.1;2;[ 0, 1 ];[ 1, 1 ];[ 1, 0 ];[ 1, 0 ];[ 0, 1 ];[ 0, 0 ];[ 0, 0 ];[ 0, 1 ];[ 1, 0 ];[ 1, 0 ];[ 0, 1 ];[ 1, 0 ];[ 0, 0 ];[ 1, 0 ];[ 0, 1 ];[ 1, 0 ];[ 1, 1 ];[ 1, 1 ];[ 1, 1 ];[ 1, 1 ];[ 1, 0 ];[ 1, 0 ];[ 1, 1 ];[ 1, 1 ];[ 1, 1 ];1;1;x^2 + x + 1
797.1;5;1;0;4;4;3;1;2;2;2;0;1;0;2;1;3;0;3;3;2;0;2;0;3;4;0;1;1;x + 4
801.1;7;3;5;4;6;2;0;0;4;1;5;4;6;5;5;4;2;4;4;3;4;1;1;1;3;5;1;1;x + 6
802.1;2;[ 1, 0 ];[ 0, 1 ];[ 0, 0 ];[ 0, 1 ];[ 1, 1 ];[ 1, 1 ];[ 0, 0 ];[ 1, 1 ];[ 0, 0 ];[ 1, 1 ];[ 0, 0 ];[ 0, 0 ];[ 0, 0 ];[ 0, 0 ];[ 0, 1 ];[ 0, 0 ];[ 0, 0 ];[ 0, 1 ];[ 0, 1 ];[ 0, 0 ];[ 0, 1 ];[ 0, 1 ];[ 1, 1 ];[ 0, 0 ];[ 1, 1 ];1;2;x^2 + x + 1
802.1;7;6;2;1;0;0;2;3;4;0;2;3;3;0;4;1;4;1;6;0;2;0;5;2;0;0;1;1;x + 6
809.1;83;67;77;6;46;0;39;68;25;63;70;36;49;18;43;78;34;76;70;27;30;25;67;56;63;80;1;1;x + 82
818.1;3;1;0;1;2;1;2;2;1;0;1;0;1;1;0;0;0;0;0;2;2;1;0;0;1;1;1;1;x + 2
821.1;5;4;2;2;3;4;4;3;0;2;4;0;2;2;4;3;4;4;2;2;0;1;0;0;3;3;1;1;x + 4
821.1;17;9;8;7;6;16;11;9;2;9;7;4;1;4;9;16;9;5;10;8;8;15;14;1;4;2;1;1;x + 16
829.1;5;0;2;4;4;3;3;2;3;1;0;4;1;0;1;4;1;0;0;1;2;4;0;3;3;0;1;1;x + 4
829.1;79;9;9;70;38;72;63;63;23;22;40;62;27;12;78;41;39;18;27;14;10;62;30;24;14;49;1;1;x + 78
841.2;11;7;3;4;3;6;9;7;5;10;1;3;5;4;0;7;2;5;7;6;4;10;9;5;3;1;1;1;x + 10
841.2;11;7;4;3;3;9;6;5;7;1;10;5;3;0;4;7;5;2;6;7;10;4;5;9;1;3;1;1;x + 10
842.1;7;6;1;1;2;1;6;6;0;4;6;2;2;3;2;6;1;4;6;3;4;2;1;5;3;1;1;1;x + 6
842.1;19;1;14;5;0;3;17;7;13;3;2;8;9;16;1;6;6;18;15;17;5;17;6;6;10;2;1;1;x + 18
848.1;5;0;1;2;3;0;3;3;0;4;3;3;2;0;4;3;4;3;4;3;1;2;0;1;2;1;1;1;x + 4
850.1;3;2;0;1;1;1;0;1;1;1;0;2;2;0;1;1;1;0;1;2;0;1;0;2;1;0;1;1;x + 2
850.2;3;1;0;2;1;0;2;2;2;0;1;1;1;1;0;1;0;2;2;1;2;0;2;0;0;2;1;1;x + 2
850.2;5;4;0;0;0;4;1;1;1;3;2;4;2;0;2;3;2;4;2;4;0;4;0;1;3;2;1;1;x + 4
853.1;3;0;1;0;2;1;1;0;1;1;2;0;1;2;1;0;1;0;1;0;1;1;2;0;2;2;1;1;x + 2
857.1;5;4;4;3;4;1;1;1;0;4;3;1;4;2;4;0;4;1;2;3;3;4;3;0;0;3;1;1;x + 4
857.1;199;182;140;46;87;72;177;184;162;37;86;134;147;68;58;17;74;52;93;175;177;105;37;98;43;96;1;1;x + 198
865.1;2;0;1;0;1;0;1;1;1;0;0;0;1;0;0;1;0;1;1;0;1;0;1;1;0;0;1;3;x + 1
865.2;3;1;1;0;2;1;0;2;0;2;1;1;1;0;0;1;1;1;1;0;2;1;2;0;1;1;1;1;x + 2
866.1;5;[ 4, 0 ];[ 4, 4 ];[ 1, 2 ];[ 0, 3 ];[ 1, 4 ];[ 3, 2 ];[ 4, 3 ];[ 2, 1 ];[ 3, 2 ];[ 2, 1 ];[ 2, 3 ];[ 1, 3 ];[ 0, 0 ];[ 0, 0 ];[ 4, 4 ];[ 4, 2 ];[ 3, 1 ];[ 4, 1 ];[ 0, 1 ];[ 0, 0 ];[ 2, 3 ];[ 3, 2 ];[ 2, 4 ];[ 0, 4 ];[ 2, 0 ];1;1;x^2 + 4*x + 2
872.1;3;0;0;2;1;2;1;0;0;1;1;0;1;0;0;0;0;2;0;2;0;0;0;2;2;0;1;1;x + 2
872.1;11;0;7;10;8;7;4;2;10;9;10;0;0;8;2;3;6;9;0;2;5;2;8;4;8;4;1;1;x + 10
877.1;5;4;2;3;0;2;4;2;2;4;4;3;0;0;2;4;2;3;1;0;1;0;1;3;3;3;1;1;x + 4
877.1;7;6;3;3;1;1;3;3;5;3;2;3;5;0;6;6;3;4;5;2;5;3;4;3;1;2;1;1;x + 6
881.1;5;4;1;0;4;3;3;3;4;4;0;2;3;3;4;0;4;3;3;4;1;4;4;2;2;3;1;1;x + 4
881.1;17;6;15;8;1;1;12;12;10;2;3;15;1;3;6;7;1;13;12;6;4;13;12;12;11;12;1;1;x + 16
881.1;31;22;26;1;11;11;20;23;14;13;27;5;25;18;20;23;0;28;10;10;6;29;6;4;27;4;1;1;x + 30
890.1;5;1;4;4;0;4;0;0;1;3;1;4;4;0;4;2;4;0;4;4;2;2;4;0;2;4;1;1;x + 4
901.1;61;34;32;42;50;28;56;60;42;47;6;1;39;30;58;4;1;18;6;3;55;43;11;45;0;54;1;1;x + 60
904.1;5;0;4;4;1;4;2;4;4;1;2;2;0;2;2;2;1;4;4;4;4;1;0;1;4;4;1;1;x + 4
905.2;13;3;12;10;9;10;11;5;3;12;9;5;7;12;7;1;6;11;2;2;11;8;7;4;10;9;1;1;x + 12
909.1;5;2;3;0;1;2;4;0;0;1;0;2;4;0;4;2;4;3;0;0;3;2;1;0;1;3;1;1;x + 4
909.1;29;5;23;4;1;25;14;25;0;22;1;4;12;6;8;21;28;24;3;25;14;14;23;10;22;24;1;1;x + 28
914.1;3;1;2;0;2;0;1;2;2;1;2;1;1;0;0;2;0;2;2;2;1;1;2;1;1;1;1;1;x + 2
914.1;5;4;2;4;1;1;4;3;1;4;3;2;4;1;0;3;3;4;4;0;0;0;4;2;0;4;1;1;x + 4
922.1;3;[ 1, 0 ];[ 1, 0 ];[ 2, 2 ];[ 1, 1 ];[ 1, 2 ];[ 0, 0 ];[ 1, 1 ];[ 1, 1 ];[ 2, 2 ];[ 1, 1 ];[ 2, 2 ];[ 0, 1 ];[ 1, 0 ];[ 1, 0 ];[ 0, 1 ];[ 2, 2 ];[ 0, 2 ];[ 1, 1 ];[ 1, 1 ];[ 2, 1 ];[ 0, 1 ];[ 0, 2 ];[ 2, 1 ];[ 1, 2 ];[ 0, 1 ];1;1;x^2 + 2*x + 2
925.2;7;4;0;2;3;2;4;4;4;6;1;1;1;1;4;3;5;6;0;2;4;1;0;5;5;2;1;1;x + 6
925.1;5;4;0;4;4;2;0;1;3;4;0;1;3;4;3;2;4;0;0;0;0;4;4;1;1;1;1;1;x + 4
925.1;11;3;0;7;7;7;9;7;1;9;2;10;7;1;4;6;10;9;7;5;1;1;8;5;9;2;1;1;x + 10
929.1;2;0;0;0;0;0;1;1;0;0;0;0;0;1;0;0;1;1;1;1;0;1;1;1;0;0;1;2;x + 1
937.1;3;1;0;2;2;1;2;1;2;2;0;0;2;1;1;0;2;1;0;1;2;0;0;0;1;2;1;2;x + 2
937.1;37;29;36;7;28;27;14;35;17;3;28;3;24;18;30;6;26;6;31;8;25;11;7;8;13;29;1;1;x + 36
937.1;47;34;39;44;25;13;30;13;6;7;18;14;19;26;23;46;33;6;6;33;21;10;25;31;21;0;1;1;x + 46
941.1;2;[ 1, 1, 1 ];[ 1, 1, 0 ];[ 1, 0, 0 ];[ 1, 0, 1 ];[ 0, 1, 1 ];[ 1, 1, 0 ];[ 0, 0, 1 ];[ 0, 1, 0 ];[ 0, 0, 1 ];[ 1, 1, 0 ];[ 1, 1, 1 ];[ 1, 0, 1 ];[ 0, 1, 0 ];[ 1, 1, 1 ];[ 0, 1, 0 ];[ 0, 0, 0 ];[ 1, 0, 1 ];[ 0, 1, 1 ];[ 1, 0, 1 ];[ 1, 1, 0 ];[ 1, 1, 0 ];[ 0, 0, 1 ];[ 1, 1, 1 ];[ 1, 1, 0 ];[ 1, 0, 0 ];1;1;x^3 + x + 1
949.2;19;12;11;9;7;18;16;18;0;16;5;9;1;17;4;1;18;1;11;10;9;1;1;17;13;11;1;1;x + 18
949.2;131;97;112;51;101;1;65;8;31;104;125;85;59;70;124;2;12;22;77;79;128;130;70;68;91;122;1;1;x + 130
953.1;2;[ 0, 1 ];[ 1, 0 ];[ 0, 0 ];[ 0, 0 ];[ 0, 0 ];[ 1, 0 ];[ 0, 0 ];[ 0, 0 ];[ 1, 0 ];[ 1, 0 ];[ 1, 0 ];[ 1, 0 ];[ 0, 0 ];[ 0, 0 ];[ 1, 0 ];[ 0, 0 ];[ 0, 0 ];[ 1, 0 ];[ 0, 0 ];[ 0, 0 ];[ 0, 0 ];[ 0, 0 ];[ 1, 0 ];[ 1, 0 ];[ 0, 0 ];1;1;x^2 + x + 1
954.1;5;1;1;2;1;0;2;1;3;2;3;3;0;0;1;0;1;3;3;4;2;3;3;2;2;3;1;1;x + 4
954.1;13;12;11;9;12;0;0;1;8;3;4;1;0;12;12;11;1;9;12;9;12;9;4;6;2;6;1;1;x + 12
961.1;2;0;1;1;0;0;0;0;0;0;0;0;0;1;1;1;0;0;0;0;0;0;0;0;1;1;1;2;x + 1
964.1;13;0;9;3;5;9;8;8;7;0;4;0;7;10;4;3;6;5;7;2;11;6;5;11;11;7;1;1;x + 12
965.1;19;13;1;6;0;6;7;8;7;3;17;11;1;15;12;1;18;9;17;9;1;12;11;6;7;16;1;1;x + 18
965.2;11;2;1;6;2;2;1;4;1;7;0;3;3;4;3;1;1;6;6;7;5;7;6;4;3;6;1;1;x + 10
965.2;29;24;28;6;26;1;25;27;21;6;24;17;7;22;20;1;2;1;3;10;27;14;24;19;19;0;1;1;x + 28
968.1;3;[ 0, 0 ];[ 0, 1 ];[ 1, 2 ];[ 2, 0 ];[ 1, 2 ];[ 0, 1 ];[ 0, 0 ];[ 0, 0 ];[ 2, 1 ];[ 0, 2 ];[ 1, 2 ];[ 0, 1 ];[ 1, 2 ];[ 0, 1 ];[ 1, 0 ];[ 1, 1 ];[ 2, 2 ];[ 0, 2 ];[ 2, 1 ];[ 0, 1 ];[ 1, 2 ];[ 0, 1 ];[ 1, 2 ];[ 1, 1 ];[ 2, 2 ];1;1;x^2 + 2*x + 2
970.2;11;1;1;0;8;10;9;4;0;4;3;4;7;5;6;10;2;8;0;5;0;4;9;8;1;1;1;1;x + 10
976.1;3;0;2;0;1;2;1;1;1;2;1;1;1;1;0;1;2;0;1;2;1;2;0;1;2;0;1;1;x + 2
976.1;5;0;0;4;0;0;0;2;1;1;2;1;2;3;3;4;0;3;4;1;1;1;3;4;2;2;1;1;x + 4
977.1;2;0;0;1;0;0;0;1;1;0;0;1;0;0;0;1;0;1;1;1;1;0;1;0;0;1;1;2;x + 1
981.1;3;1;0;0;1;1;2;2;2;0;2;2;1;2;0;1;0;0;1;0;2;1;0;2;2;1;1;1;x + 2
981.1;23;12;8;12;22;14;4;22;1;3;2;1;15;14;7;15;5;13;15;4;16;18;4;8;5;10;1;1;x + 22
985.2;13;3;1;9;8;8;10;0;8;4;5;9;6;12;4;0;7;10;5;12;2;12;7;8;7;5;1;1;x + 12
985.2;29;20;28;5;15;11;6;28;4;22;24;12;4;20;24;15;5;13;18;11;18;2;22;2;26;2;1;1;x + 28
985.2;103;20;1;35;83;7;43;35;97;84;46;17;11;7;75;6;74;11;17;91;75;52;51;79;25;24;1;1;x + 102
985.1;7;3;6;3;6;2;1;1;1;5;6;0;6;5;4;3;5;4;2;3;5;1;2;2;0;3;1;1;x + 6
986.1;2;[ 1, 0 ];[ 0, 1 ];[ 1, 1 ];[ 0, 0 ];[ 0, 1 ];[ 0, 0 ];[ 1, 0 ];[ 1, 1 ];[ 1, 0 ];[ 1, 1 ];[ 0, 1 ];[ 0, 0 ];[ 1, 1 ];[ 0, 1 ];[ 0, 0 ];[ 1, 1 ];[ 0, 0 ];[ 0, 0 ];[ 1, 1 ];[ 0, 1 ];[ 0, 1 ];[ 0, 1 ];[ 0, 0 ];[ 0, 0 ];[ 0, 0 ];1;2;x^2 + x + 1
997.1;509;142;484;167;155;75;191;464;16;396;306;501;170;337;17;179;489;211;16;65;199;129;59;449;43;209;1;1;x + 508
1000.1;3;[ 0, 0 ];[ 0, 0 ];[ 0, 1 ];[ 0, 2 ];[ 2, 0 ];[ 2, 1 ];[ 2, 1 ];[ 2, 2 ];[ 1, 2 ];[ 1, 0 ];[ 1, 2 ];[ 2, 1 ];[ 1, 2 ];[ 1, 0 ];[ 0, 2 ];[ 2, 2 ];[ 2, 1 ];[ 1, 2 ];[ 2, 2 ];[ 0, 0 ];[ 1, 1 ];[ 2, 1 ];[ 2, 0 ];[ 1, 1 ];[ 0, 1 ];1;1;x^2 + 2*x + 2
1000.1;11;0;0;10;5;6;5;7;6;4;8;6;4;0;4;4;5;8;10;4;10;8;5;4;5;8;1;1;x + 10
