97.1;5;194.1;[2, 0, 0, 4, 1, 1, 0, 3, 2, 1, 3, 3, 1, 0, 1, 0, 2, 3, 4, 1, 2, 3, 0, 0, 0]
157.1;2;314.1;[0, 0, 1, 1, 1, 1, 1, 1, 0, 0, 0, 0, 1, 0, 0, 1, 0, 0, 0, 0, 0, 0, 0, 1, 0]
157.1;3;785.1;[2, 0, 0, 0, 1, 1, 2, 2, 0, 1, 1, 0, 2, 0, 2, 0, 2, 1, 1, 2, 0, 1, 0, 2, 0]
178.2;7;1602.2;[0, 4, 2, 3, 2, 2, 0, 6, 5, 2, 0, 3, 5, 5, 0, 2, 1, 5, 6, 6, 3, 3, 0, 4, 0]
202.1;5;1010.3;[0, 0, 0, 0, 0, 1, 3, 3, 2, 1, 1, 0, 3, 4, 4, 3, 3, 1, 1, 0, 3, 1, 4, 1, 3]
205.4;5;410.4;[2, 0, 0, 4, 1, 2, 0, 4, 1, 1, 2, 1, 1, 0, 0, 4, 1, 0, 0, 3, 1, 1, 3, 4, 0]
208.2;3;1040.4;[0, 2, 0, 0, 2, 0, 1, 2, 1, 0, 0, 0, 1, 0, 2, 0, 2, 1, 1, 2, 0, 0, 1, 0, 1]
221.2;3;1105.6;[1, 1, 0, 0, 0, 1, 0, 0, 0, 2, 1, 2, 0, 2, 1, 1, 1, 0, 0, 2, 1, 0, 2, 1, 2]
232.2;5;1160.2;[0, 0, 0, 3, 2, 4, 3, 0, 3, 0, 2, 1, 0, 0, 1, 3, 1, 2, 3, 0, 3, 1, 2, 1, 1]
244.1;7;3172.1;[0, 3, 5, 5, 0, 6, 1, 6, 5, 3, 3, 0, 2, 1, 0, 1, 3, 0, 0, 3, 2, 1, 5, 2, 2]
265.4;5;3445.6;[4, 0, 0, 4, 1, 4, 0, 1, 0, 4, 0, 3, 2, 2, 1, 2, 0, 0, 3, 2, 2, 2, 1, 3, 2]
269.2;2;538.2;[0, 1, 1, 0, 0, 1, 1, 0, 1, 0, 0, 0, 1, 1, 0, 0, 1, 0, 0, 1, 1, 0, 0, 0, 0]
306.1;3;612.1;[0, 2, 1, 0, 0, 2, 0, 0, 1, 0, 2, 1, 1, 1, 1, 2, 1, 0, 0, 2, 1, 1, 0, 0, 1]
349.2;5;1745.4;[4, 0, 0, 1, 0, 2, 0, 0, 4, 2, 2, 2, 3, 3, 4, 4, 4, 4, 1, 3, 1, 4, 3, 0, 0]
370.4;3;740.4;[0, 2, 0, 0, 1, 2, 1, 2, 0, 0, 2, 0, 1, 2, 1, 1, 2, 2, 1, 1, 1, 0, 0, 2, 1]
386.2;3;772.2;[0, 0, 1, 0, 0, 2, 0, 2, 1, 2, 1, 0, 1, 0, 1, 0, 0, 2, 1, 0, 0, 2, 0, 1, 1]
394.1;2;1970.1;[0, 0, 0, 1, 1, 1, 1, 0, 1, 0, 1, 0, 1, 1, 1, 0, 0, 0, 1, 0, 0, 0, 0, 0, 0]
433.2;5;10825.2;[1, 0, 0, 0, 2, 3, 4, 4, 0, 0, 4, 4, 1, 1, 3, 3, 0, 4, 1, 1, 2, 4, 0, 2, 4]
442.3;5;2210.7;[0, 0, 0, 3, 0, 0, 0, 2, 0, 2, 1, 2, 0, 1, 1, 1, 4, 3, 2, 4, 0, 0, 1, 2, 3]
445.4;5;5785.8;[1, 0, 0, 1, 1, 1, 2, 4, 0, 1, 2, 2, 1, 2, 1, 3, 4, 0, 4, 4, 3, 4, 0, 3, 3]
449.2;5;11225.6;[1, 0, 0, 2, 0, 1, 1, 3, 2, 4, 4, 1, 3, 4, 0, 0, 4, 2, 3, 3, 2, 4, 1, 4, 1]
458.1;2;2290.1;[0, 0, 1, 0, 0, 0, 1, 1, 0, 0, 1, 0, 1, 0, 0, 0, 1, 0, 1, 0, 0, 0, 0, 1, 1]
464.2;3;2320.2;[0, 0, 1, 0, 0, 1, 0, 2, 0, 0, 1, 1, 2, 0, 0, 1, 2, 1, 0, 0, 1, 2, 1, 1, 2]
481.2;5;2405.2;[1, 0, 0, 2, 0, 4, 4, 2, 1, 1, 2, 0, 3, 1, 0, 4, 2, 1, 2, 0, 1, 3, 3, 3, 1]
481.1;11;962.1;[3, 7, 8, 9, 0, 7, 3, 3, 7, 3, 0, 8, 0, 4, 4, 1, 8, 8, 4, 10, 6, 4, 10, 10, 4]
490.2;5;6370.4;[0, 0, 0, 2, 2, 1, 2, 0, 1, 0, 1, 0, 3, 2, 0, 1, 2, 0, 1, 1, 4, 0, 3, 1, 3]
533.3;7;1066.3;[4, 3, 3, 5, 0, 0, 4, 6, 6, 0, 3, 4, 0, 3, 0, 4, 2, 2, 4, 5, 1, 0, 1, 5, 6]
533.4;3;1066.4;[0, 0, 1, 0, 2, 0, 1, 1, 0, 0, 2, 1, 2, 0, 0, 2, 1, 1, 0, 0, 1, 1, 1, 1, 2]
538.2;3;1076.2;[0, 0, 2, 0, 1, 1, 0, 2, 0, 1, 1, 2, 1, 0, 2, 1, 1, 2, 1, 1, 0, 0, 0, 0, 2]
541.1;5;2705.1;[0, 0, 0, 3, 0, 4, 1, 1, 1, 3, 2, 2, 4, 2, 0, 1, 0, 0, 4, 3, 4, 3, 1, 4, 1]
544.1;5;2720.1;[0, 0, 0, 4, 4, 2, 0, 3, 0, 4, 4, 1, 0, 2, 3, 1, 1, 0, 4, 3, 2, 4, 4, 0, 3]
545.3;5;2725.3;[4, 0, 0, 4, 1, 4, 3, 4, 0, 4, 4, 4, 3, 4, 2, 2, 3, 3, 1, 1, 1, 4, 1, 0, 2]
584.1;5;5256.1;[0, 0, 0, 0, 2, 2, 2, 0, 0, 0, 3, 3, 3, 0, 0, 2, 4, 0, 3, 0, 2, 4, 0, 4, 3]
585.4;3;2925.4;[1, 0, 0, 0, 2, 0, 0, 1, 1, 2, 1, 0, 2, 2, 2, 1, 0, 1, 1, 2, 0, 0, 0, 2, 1]
586.2;7;5274.2;[0, 3, 4, 3, 3, 5, 1, 6, 2, 0, 0, 3, 2, 2, 0, 4, 3, 6, 5, 0, 0, 2, 2, 6, 0]
592.2;5;2960.2;[0, 0, 0, 4, 3, 4, 4, 1, 1, 4, 1, 0, 1, 0, 0, 2, 4, 0, 3, 4, 1, 4, 2, 2, 2]
610.1;5;3050.3;[0, 0, 0, 1, 4, 3, 2, 0, 2, 3, 4, 1, 0, 0, 1, 2, 1, 0, 0, 4, 1, 0, 3, 2, 0]
613.2;7;1226.2;[3, 3, 5, 3, 3, 6, 1, 3, 6, 3, 6, 6, 6, 3, 0, 6, 2, 1, 5, 5, 4, 3, 2, 5, 3]
629.2;3;1258.2;[0, 0, 1, 0, 1, 1, 0, 2, 0, 1, 1, 0, 0, 2, 0, 1, 0, 0, 2, 1, 2, 2, 1, 0, 0]
650.2;3;1300.2;[0, 0, 1, 0, 0, 0, 1, 1, 0, 0, 1, 1, 1, 1, 2, 1, 0, 0, 2, 1, 1, 0, 2, 1, 2]
653.1;5;8489.1;[0, 0, 0, 1, 4, 4, 2, 4, 3, 1, 0, 0, 3, 2, 1, 0, 3, 0, 1, 3, 4, 0, 4, 4, 2]
653.1;7;3265.1;[2, 1, 3, 5, 3, 5, 2, 6, 6, 5, 1, 6, 1, 5, 0, 3, 4, 4, 0, 0, 2, 3, 4, 2, 0]
673.1;11;1346.1;[3, 9, 7, 9, 1, 7, 0, 6, 10, 9, 10, 3, 0, 7, 6, 10, 9, 0, 2, 5, 8, 7, 1, 8, 10]
677.2;2;1354.2;[0, 0, 1, 0, 0, 0, 1, 0, 1, 0, 0, 0, 0, 0, 0, 1, 0, 0, 1, 0, 1, 0, 1, 1, 1]
677.2;3;1354.2;[0, 1, 0, 0, 0, 0, 1, 2, 0, 0, 2, 1, 0, 0, 1, 0, 1, 0, 2, 2, 1, 1, 0, 1, 1]
685.2;5;1370.2;[3, 0, 0, 1, 3, 3, 1, 1, 4, 0, 3, 3, 0, 1, 3, 1, 0, 3, 3, 0, 2, 2, 0, 4, 3]
689.2;3;1378.2;[0, 2, 2, 0, 0, 0, 0, 0, 0, 1, 2, 2, 0, 2, 2, 0, 0, 1, 0, 2, 1, 1, 2, 2, 1]
689.1;3;3445.1;[2, 0, 1, 0, 0, 1, 2, 2, 0, 0, 2, 2, 1, 0, 2, 0, 2, 0, 1, 1, 1, 0, 1, 0, 1]
692.1;7;3460.1;[0, 6, 5, 6, 5, 1, 0, 4, 0, 1, 3, 6, 1, 0, 0, 6, 2, 5, 6, 1, 3, 2, 2, 1, 2]
720.1;3;3600.1;[0, 0, 0, 0, 0, 1, 1, 0, 0, 2, 1, 0, 0, 2, 1, 1, 1, 1, 1, 2, 2, 2, 1, 1, 0]
725.1;3;3625.3;[1, 0, 0, 0, 2, 0, 2, 0, 0, 0, 2, 1, 0, 1, 0, 2, 2, 0, 2, 1, 0, 1, 2, 1, 1]
730.3;7;9490.5;[0, 4, 0, 0, 0, 5, 1, 2, 5, 1, 1, 3, 5, 3, 0, 2, 6, 0, 2, 0, 4, 6, 4, 2, 5]
740.4;5;6660.4;[0, 0, 0, 0, 2, 1, 4, 0, 1, 2, 3, 0, 2, 3, 2, 2, 4, 4, 4, 1, 3, 0, 2, 3, 3]
754.1;3;1508.1;[0, 2, 2, 0, 0, 1, 1, 0, 0, 0, 1, 2, 0, 1, 1, 1, 1, 2, 0, 1, 2, 2, 2, 2, 1]
754.2;3;3770.2;[0, 0, 1, 0, 0, 1, 0, 0, 1, 0, 0, 1, 0, 2, 1, 1, 2, 1, 0, 1, 0, 1, 0, 1, 0]
757.1;5;1514.1;[3, 0, 0, 0, 1, 4, 2, 4, 0, 2, 4, 0, 3, 1, 0, 0, 3, 4, 3, 2, 4, 1, 0, 0, 1]
785.1;19;1570.1;[16, 0, 2, 4, 2, 4, 17, 0, 11, 13, 7, 17, 9, 13, 13, 8, 2, 10, 2, 8, 0, 12, 4, 15, 11]
794.2;7;3970.2;[0, 6, 6, 1, 1, 1, 5, 1, 4, 1, 5, 6, 4, 1, 0, 2, 6, 2, 2, 2, 5, 4, 0, 5, 0]
797.2;5;19925.6;[1, 0, 0, 4, 1, 3, 2, 2, 0, 2, 0, 1, 1, 2, 3, 3, 0, 2, 3, 2, 0, 3, 0, 0, 4]
801.1;7;1602.1;[3, 5, 4, 0, 2, 0, 0, 4, 1, 5, 4, 6, 5, 5, 0, 2, 4, 4, 3, 4, 1, 0, 1, 3, 5]
802.2;7;10426.4;[0, 1, 2, 0, 2, 0, 4, 3, 2, 0, 3, 3, 4, 0, 0, 1, 4, 0, 6, 0, 2, 2, 5, 0, 0]
829.1;5;20725.1;[0, 0, 0, 4, 3, 3, 2, 3, 1, 0, 4, 1, 0, 1, 4, 1, 0, 0, 1, 2, 4, 0, 3, 3, 0]
842.2;7;4210.2;[0, 1, 1, 2, 6, 1, 0, 6, 6, 4, 2, 2, 2, 3, 0, 4, 1, 3, 6, 2, 4, 5, 1, 1, 3]
848.2;5;4240.4;[0, 0, 0, 3, 3, 0, 0, 3, 3, 4, 2, 3, 4, 0, 3, 3, 0, 3, 4, 2, 1, 1, 0, 1, 2]
850.5;3;1700.5;[0, 2, 0, 0, 2, 0, 0, 2, 1, 0, 1, 1, 0, 1, 1, 2, 0, 1, 2, 0, 2, 0, 2, 2, 0]
850.5;5;7650.5;[0, 0, 0, 0, 1, 4, 0, 1, 2, 3, 2, 4, 2, 0, 3, 4, 2, 4, 2, 4, 0, 1, 0, 2, 3]
850.6;3;1700.6;[0, 1, 0, 0, 0, 1, 1, 0, 0, 1, 2, 2, 1, 0, 1, 0, 1, 2, 1, 1, 0, 2, 0, 0, 1]
853.1;3;1706.1;[0, 1, 0, 0, 1, 1, 0, 1, 1, 2, 0, 1, 2, 1, 0, 1, 0, 1, 0, 1, 1, 2, 0, 2, 2]
857.2;5;4285.4;[4, 0, 0, 4, 1, 1, 0, 1, 3, 4, 4, 1, 4, 2, 0, 1, 4, 3, 2, 4, 3, 0, 3, 3, 0]
865.3;3;4325.3;[1, 0, 0, 0, 0, 1, 0, 2, 1, 2, 1, 1, 0, 0, 1, 1, 1, 0, 1, 1, 2, 0, 2, 1, 1]
872.2;3;4360.4;[0, 2, 0, 0, 1, 2, 0, 0, 1, 1, 1, 0, 0, 0, 0, 2, 0, 2, 0, 0, 0, 2, 0, 0, 2]
877.2;5;21925.6;[4, 0, 0, 0, 4, 2, 2, 2, 4, 4, 0, 3, 2, 0, 4, 3, 2, 0, 1, 0, 1, 3, 1, 3, 3]
881.1;5;4405.1;[4, 0, 0, 4, 3, 3, 3, 4, 4, 0, 2, 3, 3, 4, 0, 4, 3, 3, 4, 1, 4, 4, 2, 2, 3]
890.1;5;4450.3;[0, 0, 0, 0, 4, 0, 0, 1, 3, 1, 4, 4, 0, 4, 2, 4, 0, 4, 4, 2, 2, 0, 0, 2, 4]
905.2;13;1810.2;[3, 0, 10, 9, 0, 0, 5, 3, 12, 9, 5, 7, 12, 7, 1, 6, 11, 2, 2, 11, 8, 7, 4, 10, 9]
909.1;5;1818.1;[2, 0, 0, 0, 2, 4, 0, 0, 1, 0, 2, 4, 0, 4, 2, 4, 3, 0, 0, 3, 2, 1, 0, 1, 3]
914.2;3;1828.2;[0, 0, 2, 0, 1, 0, 2, 2, 2, 1, 1, 1, 0, 0, 2, 2, 0, 2, 2, 1, 1, 1, 2, 1, 1]
914.2;5;11882.2;[0, 0, 0, 1, 4, 1, 1, 3, 3, 4, 4, 2, 0, 1, 3, 4, 3, 0, 4, 0, 0, 2, 4, 4, 0]
925.6;5;4625.6;[4, 0, 0, 4, 0, 2, 3, 1, 0, 4, 3, 0, 3, 4, 2, 0, 4, 0, 0, 4, 0, 1, 4, 1, 1]
925.6;11;1850.6;[3, 7, 0, 7, 9, 7, 1, 7, 2, 9, 7, 0, 4, 1, 6, 9, 10, 5, 7, 1, 1, 5, 8, 2, 9]
925.2;7;1850.2;[4, 0, 2, 3, 2, 4, 4, 4, 6, 1, 1, 0, 1, 4, 0, 5, 6, 0, 2, 4, 1, 0, 5, 5, 2]
954.1;5;4770.1;[0, 0, 0, 0, 0, 2, 1, 3, 2, 3, 3, 0, 0, 1, 0, 0, 3, 3, 4, 2, 3, 3, 2, 2, 3]
976.2;3;4880.2;[0, 0, 2, 0, 1, 2, 1, 1, 1, 2, 1, 1, 0, 1, 1, 0, 2, 2, 0, 2, 1, 1, 0, 0, 2]
976.2;5;8784.2;[0, 0, 0, 0, 0, 0, 1, 2, 2, 1, 2, 1, 3, 3, 4, 3, 0, 1, 0, 1, 1, 4, 3, 2, 2]
981.2;3;4905.4;[1, 0, 0, 0, 2, 1, 2, 2, 2, 0, 1, 2, 0, 2, 1, 0, 0, 0, 1, 1, 2, 2, 0, 1, 2]
985.1;7;1970.1;[3, 0, 3, 6, 2, 1, 1, 1, 5, 6, 0, 6, 5, 4, 0, 5, 4, 2, 3, 5, 1, 2, 2, 0, 3]
985.2;13;1970.2;[3, 0, 9, 8, 0, 0, 0, 8, 4, 5, 9, 6, 12, 4, 0, 7, 10, 5, 12, 2, 12, 7, 8, 7, 5]
